page_num,classification,col_count,col_count_flag,col_00,col_01,col_02,col_03,col_04,col_05,col_06,col_00_raw_repr
1,ACCEPTED,7,OK,22-438,RFP,"Assessment of Carbon Capture, Utilization, and Sequestration Technologies",2023-01-04,Norda Stelo Inc.,"$ 149,056.00",Yes,'22-438'
1,ACCEPTED,7,OK,22-438,RFP,"Assessment of Carbon Capture, Utilization, and Sequestration Technologies",2023-01-04,WSP Canada Inc.,N/A,No,'22-438'
1,ACCEPTED,7,OK,22-438,RFP,"Assessment of Carbon Capture, Utilization, and Sequestration Technologies",2023-01-04,PricewaterhouseCoopers LLP,N/A,No,'22-438'
1,ACCEPTED,7,OK,22-438,RFP,"Assessment of Carbon Capture, Utilization, and Sequestration Technologies",2023-01-04,GHD Limited,N/A,No,'22-438'
1,ACCEPTED,7,OK,22-438,RFP,"Assessment of Carbon Capture, Utilization, and Sequestration Technologies",2023-01-04,Hatch Ltd.,N/A,No,'22-438'
1,ACCEPTED,7,OK,22-438,RFP,"Assessment of Carbon Capture, Utilization, and Sequestration Technologies",2023-01-04,Ernst & Young LLP,N/A,No,'22-438'
1,ACCEPTED,7,OK,22-438,RFP,"Assessment of Carbon Capture, Utilization, and Sequestration Technologies",2023-01-04,BBA Engineering Ltd.,N/A,No,'22-438'
1,ACCEPTED,7,OK,22-438,RFP,"Assessment of Carbon Capture, Utilization, and Sequestration Technologies",2023-01-04,Aker Solutions Canada Inc.,N/A,No,'22-438'
1,ACCEPTED,7,OK,22-438,RFP,"Assessment of Carbon Capture, Utilization, and Sequestration Technologies",2023-01-04,Sacre-Davey Engineering,N/A,No,'22-438'
1,ACCEPTED,7,OK,22-445,ITQ,2022 Solid Waste Facilities Customer Surveys,2023-01-04,Leger Marketing Alberta Inc.,"$ 89,653.00",Yes,'22-445'
1,ACCEPTED,7,OK,22-445,ITQ,2022 Solid Waste Facilities Customer Surveys,2023-01-04,Tetra Tech,N/A,No,'22-445'
1,ACCEPTED,7,OK,22-391,RFSO,Graphic Design Services,2023-01-10,Ion Design Inc.,"$ 600,000.00",Yes,'22-391'
1,ACCEPTED,7,OK,22-391,RFSO,Graphic Design Services,2023-01-10,Laura Galloway Design,,Yes,'22-391'
1,ACCEPTED,7,OK,22-391,RFSO,Graphic Design Services,2023-01-10,Slingshot Communications Inc,,Yes,'22-391'
1,ACCEPTED,7,OK,22-391,RFSO,Graphic Design Services,2023-01-10,KIMBO Design Inc.,,Yes,'22-391'
1,ACCEPTED,7,OK,22-391,RFSO,Graphic Design Services,2023-01-10,SITE Marketing Partners Inc.,,Yes,'22-391'
1,ACCEPTED,7,OK,22-391,RFSO,Graphic Design Services,2023-01-10,Straydog Design Inc,N/A,No,'22-391'
1,ACCEPTED,7,OK,22-391,RFSO,Graphic Design Services,2023-01-10,WeUsThem Inc.,N/A,No,'22-391'
1,ACCEPTED,7,OK,22-391,RFSO,Graphic Design Services,2023-01-10,Lucas Design,N/A,No,'22-391'
1,ACCEPTED,7,OK,22-391,RFSO,Graphic Design Services,2023-01-10,Crestview Strategy,N/A,No,'22-391'
1,ACCEPTED,7,OK,22-391,RFSO,Graphic Design Services,2023-01-10,Just Consult,N/A,No,'22-391'
1,ACCEPTED,7,OK,22-391,RFSO,Graphic Design Services,2023-01-10,Renovo Creative Inc.,N/A,No,'22-391'
1,ACCEPTED,7,OK,22-391,RFSO,Graphic Design Services,2023-01-10,ROI Research on Investment Inc.,N/A,No,'22-391'
1,ACCEPTED,7,OK,22-391,RFSO,Graphic Design Services,2023-01-10,Lucent Quay Consulting Inc.,N/A,No,'22-391'
1,ACCEPTED,7,OK,22-391,RFSO,Graphic Design Services,2023-01-10,2020 Creative,N/A,No,'22-391'
1,ACCEPTED,7,OK,22-391,RFSO,Graphic Design Services,2023-01-10,The C&E Consulting Group Ltd,N/A,No,'22-391'
1,ACCEPTED,7,OK,22-076,RFP,Supply and Delivery of 48% Aluminum Sulphate Aqueous Solution (Liquid Alum),2023-01-11,Chemtrade Chemicals Canada LTD,"$ 4,991,000.00",Yes,'22-076'
1,ACCEPTED,7,OK,22-220,ITT,Inspection and Membrane Replacement for AIWWTP and LIWWTP LSG Gas Holder Tank,2023-01-11,Pomerleau Inc.,"$ 2,466,800.00",Yes,'22-220'
1,ACCEPTED,7,OK,22-220,ITT,Inspection and Membrane Replacement for AIWWTP and LIWWTP LSG Gas Holder Tank,2023-01-11,Maple Reinder,N/A,No,'22-220'
1,ACCEPTED,7,OK,22-220,ITT,Inspection and Membrane Replacement for AIWWTP and LIWWTP LSG Gas Holder Tank,2023-01-11,Horton CBI Ltd.,N/A,No,'22-220'
1,ACCEPTED,7,OK,22-220,ITT,Inspection and Membrane Replacement for AIWWTP and LIWWTP LSG Gas Holder Tank,2023-01-11,NAC Constructors Ltd.,N/A,No,'22-220'
1,ACCEPTED,7,OK,22-420,RFP,Waste to Energy Facility Stack Testing,2023-01-11,A. Lanfranco and Associates Inc.,"$ 806,970.00",Yes,'22-420'
1,ACCEPTED,7,OK,22-420,RFP,Waste to Energy Facility Stack Testing,2023-01-11,ORTECH Consulting Inc.,N/A,No,'22-420'
1,ACCEPTED,7,OK,21-306,RFP,Supply and Delivery of Sodium Carbonate to Coquitlam Water Treatment Plant (CWTP),2023-01-16,Brenntag Canada Inc.,"$ 6,863,000.00",Yes,'21-306'
1,ACCEPTED,7,OK,21-306,RFP,Supply and Delivery of Sodium Carbonate to Coquitlam Water Treatment Plant (CWTP),2023-01-16,Univar Solutions Canada,N/A,No,'21-306'
1,ACCEPTED,7,OK,22-476,RFP,Fraser River Environmental Monitoring Program,2023-01-18,WSP Canada Inc.,"$ 185,124.39",Yes,'22-476'
1,ACCEPTED,7,OK,22-463,RFP,Looper Moth Damaged Tree Removal - Lynn Valley,2023-01-19,B.A. Blackwell & Assoc. Ltd.,"$ 425,778.00",Yes,'22-463'
1,ACCEPTED,7,OK,22-463,RFP,Looper Moth Damaged Tree Removal - Lynn Valley,2023-01-19,Maharg Contracting Ltd,N/A,No,'22-463'
1,ACCEPTED,7,OK,22-463,RFP,Looper Moth Damaged Tree Removal - Lynn Valley,2023-01-19,Black Tusk Helicopter inc.,N/A,No,'22-463'
1,ACCEPTED,7,OK,23-021,SS/NOIC,Supply and Delivery of Gate Equipment for the Capilano Water Supply Area,2023-01-30,Wallace Perimeter Security,"$ 136,239.80",Yes,'23-021'
1,ACCEPTED,7,OK,22-490,ITT,"Supply & Installation of Scour Protection for North Surrey Interceptor, and Annacis Main No. 3, Fraser River Crossing",2023-01-31,Fraser River Pile & Dredge (GP) Inc.,"$ 1,502,017.50",Yes,'22-490'
1,ACCEPTED,7,OK,22-490,ITT,"Supply & Installation of Scour Protection for North Surrey Interceptor, and Annacis Main No. 3, Fraser River Crossing",2023-01-31,Vancouver Pile Driving Ltd.,N/A,No,'22-490'
2,ACCEPTED,7,OK,22-490,ITT,"Supply & Installation of Scour Protection for North Surrey Interceptor, and Annacis Main No. 3, Fraser River Crossing",2023-01-31,JJM Construction Ltd.,N/A,No,'22-490'
2,ACCEPTED,7,OK,22-102,ITT,Construction services for Davies Orchard Site Servicing and Cottage Restoration at Crippen Regional Park,2023-02-06,Golden Globe Construction Limited,"$ 1,694,578.00",Yes,'22-102'
2,ACCEPTED,7,OK,22-273,RFP,Record Centre Services,2023-02-06,Access Information Management of Canada ULC,"$ 96,000.00",Yes,'22-273'
2,ACCEPTED,7,OK,23-043,SS/NOIC,"Annual Support Services for SCADA, SCFP CDAC and CWTP CDAC Systems",2023-02-06,Spartan Controls,"$ 674,829.00",Yes,'23-043'
2,ACCEPTED,7,OK,21-157,ITT,Construction - AIWWTP Chemistry Lab UPS System,2023-02-08,Ross Morrison Electrical Ltd.,"$ 589,575.00",Yes,'21-157'
2,ACCEPTED,7,OK,21-157,ITT,Construction - AIWWTP Chemistry Lab UPS System,2023-02-08,Status Electrical Corporation,N/A,No,'21-157'
2,ACCEPTED,7,OK,21-157,ITT,Construction - AIWWTP Chemistry Lab UPS System,2023-02-08,Mott Electric General Partnership,N/A,No,'21-157'
2,ACCEPTED,7,OK,21-157,ITT,Construction - AIWWTP Chemistry Lab UPS System,2023-02-08,J A Electric inc,N/A,No,'21-157'
2,ACCEPTED,7,OK,22-280,RFP,Consulting Engineering Services for Causeway Improvement Design IIWWTP,2023-02-13,McElhanney Ltd.,"$ 450,211.00",Yes,'22-280'
2,ACCEPTED,7,OK,22-280,RFP,Consulting Engineering Services for Causeway Improvement Design IIWWTP,2023-02-13,AECOM Canada Ltd.,N/A,No,'22-280'
2,ACCEPTED,7,OK,22-140,RFP,Supply and Delivery Washroom / Change Room Facility,2023-02-15,ATCO Structures & Logistics Ltd.,"$ 276,739.00",Yes,'22-140'
2,ACCEPTED,7,OK,22-140,RFP,Supply and Delivery Washroom / Change Room Facility,2023-02-15,Fort Modular Inc.,N/A,No,'22-140'
2,ACCEPTED,7,OK,21-491,RFP,Supply and Delivery of Metal-Seated Triple Offset Butterfly Valves for Coquitlam Main No.4 - South Section,2023-02-17,CB Process Instrumentation & Controls,"$ 2,021,396.00",Yes,'21-491'
2,ACCEPTED,7,OK,21-491,RFP,Supply and Delivery of Metal-Seated Triple Offset Butterfly Valves for Coquitlam Main No.4 - South Section,2023-02-17,CG Industrial Specialties Ltd,N/A,No,'21-491'
2,ACCEPTED,7,OK,22-104,RFP,Consulting Engineering Services for the Water Meter Upgrade Program (WUMP) #3,2023-02-17,AECOM Canada Ltd.,"$ 535,023.00",Yes,'22-104'
2,ACCEPTED,7,OK,22-104,RFP,Consulting Engineering Services for the Water Meter Upgrade Program (WUMP) #3,2023-02-17,Associated Engineering (B.C.) Ltd.,N/A,No,'22-104'
2,ACCEPTED,7,OK,22-104,RFP,Consulting Engineering Services for the Water Meter Upgrade Program (WUMP) #3,2023-02-17,Tetra Tech,N/A,No,'22-104'
2,ACCEPTED,7,OK,22-104,RFP,Consulting Engineering Services for the Water Meter Upgrade Program (WUMP) #3,2023-02-17,Stantec Consulting Ltd.,N/A,No,'22-104'
2,ACCEPTED,7,OK,22-429,ITQ,Archaeological Services for the New Westminster Interceptor West Branch and Columbia Extension Rehabilitation,2023-02-22,WSP E&I Canada Limited,"$ 111,846.00",Yes,'22-429'
2,ACCEPTED,7,OK,22-418,RFP,Consulting Engineering Services for the White Rock Pump Station Assessment and Capacity Upgrade Options Analysis,2023-02-23,Stantec Consulting Ltd.,"$ 248,794.44",Yes,'22-418'
2,ACCEPTED,7,OK,22-418,RFP,Consulting Engineering Services for the White Rock Pump Station Assessment and Capacity Upgrade Options Analysis,2023-02-23,AECOM Canada Ltd,N/A,No,'22-418'
2,ACCEPTED,7,OK,22-418,RFP,Consulting Engineering Services for the White Rock Pump Station Assessment and Capacity Upgrade Options Analysis,2023-02-23,WSP Canada Inc,N/A,No,'22-418'
2,ACCEPTED,7,OK,22-418,RFP,Consulting Engineering Services for the White Rock Pump Station Assessment and Capacity Upgrade Options Analysis,2023-02-23,Parsons Inc,N/A,No,'22-418'
2,ACCEPTED,7,OK,23-053,SS/NOIC,Evaluation of New Technology - Quantitative Polyerase Chain Reaction,2023-03-01,"BRITISH COLUMBIA CENTRE FOR DISEASE CONTROL (“BCCDC”), part of the Provincial Health Services Authority","$ 199,865.00",Yes,'23-053'
2,ACCEPTED,7,OK,22-417,RFSO,Chemical Analytical Services for Freshwater and Marine Sediment Samples,2023-03-03,ALS Canada Ltd.,"$ 1,500,000.00",Yes,'22-417'
2,ACCEPTED,7,OK,22-417,RFSO,Chemical Analytical Services for Freshwater and Marine Sediment Samples,2023-03-03,"SGS AXYS Analytical Services, Ltd.",,Yes,'22-417'
2,ACCEPTED,7,OK,22-417,RFSO,Chemical Analytical Services for Freshwater and Marine Sediment Samples,2023-03-03,Bureau Veritas Canada (2019) Inc.,,Yes,'22-417'
2,ACCEPTED,7,OK,22-417,RFSO,Chemical Analytical Services for Freshwater and Marine Sediment Samples,2023-03-03,PACIFIC RIM LABORATORIES INC,N/A,No,'22-417'
2,ACCEPTED,7,OK,22-417,RFSO,Chemical Analytical Services for Freshwater and Marine Sediment Samples,2023-03-03,CARO Analytical Services,N/A,No,'22-417'
2,ACCEPTED,7,OK,22-464,RFP,Archaeology Asessment - Campbell Valley Regional park,2023-03-07,SEYEM – ECONOMIC DEVELOPMENT LTD. PARTNERSHIPS OF KWANTLEN FIRST NATIONS,"$ 189,613.80",Yes,'22-464'
2,ACCEPTED,7,OK,22-511,SS/NOIC,Development and Implementation of Environmental Management Systems for Liquid Waste and Water Services,2023-03-07,The Last Mile Environmental Management Solutions Ltd.,"$ 1,849,091.00",Yes,'22-511'
2,ACCEPTED,7,OK,23-025,RFP,NSSA Flow Meter Program,2023-03-09,MTS Engineering Inc.,"$ 245,000.00",Yes,'23-025'
2,ACCEPTED,7,OK,22-216,RFSO,Professional and Technical Services - Utility Residuals Management,2023-03-13,SYLVIS Environmental Services Inc.,"$ 750,000.00",Yes,'22-216'
2,ACCEPTED,7,OK,22-216,RFSO,Professional and Technical Services - Utility Residuals Management,2023-03-13,Holly Suggitt partnering with Ruth McDougall,,Yes,'22-216'
2,ACCEPTED,7,OK,22-216,RFSO,Professional and Technical Services - Utility Residuals Management,2023-03-13,Associated Environmental Consultants Inc.,,Yes,'22-216'
2,ACCEPTED,7,OK,22-431,RFP,Liquid Waste Management Plan – Decision Support Services,2023-03-14,Associated Engineering (BC) Ltd.,"$ 309,018.00",Yes,'22-431'
2,ACCEPTED,7,OK,22-506,RFSQ,Development of a Data Management Plan and Processes for Uploading Environmental Monitoring Data to the BC Environmental Monitoring System,2023-03-15,KISTERS North America Inc,"$ 140,800.00",Yes,'22-506'
2,ACCEPTED,7,OK,22-506,RFSQ,Development of a Data Management Plan and Processes for Uploading Environmental Monitoring Data to the BC Environmental Monitoring System,2023-03-15,Millennium EMS Solutions Ltd,N/A,No,'22-506'
2,ACCEPTED,7,OK,22-506,RFSQ,Development of a Data Management Plan and Processes for Uploading Environmental Monitoring Data to the BC Environmental Monitoring System,2023-03-15,Matrix Solutions Inc.,N/A,No,'22-506'
2,ACCEPTED,7,OK,22-527,ITT,"Supply, Delivery and Installation of Fencing Replacement",2023-03-15,ACCURATE CEDAR LTD,"$ 156,500.00",Yes,'22-527'
2,ACCEPTED,7,OK,22-527,ITT,"Supply, Delivery and Installation of Fencing Replacement",2023-03-15,Black Dog Fencing Inc,N/A,No,'22-527'
2,ACCEPTED,7,OK,22-527,ITT,"Supply, Delivery and Installation of Fencing Replacement",2023-03-15,Sunbury Fencing and Decking,N/A,No,'22-527'
3,ACCEPTED,7,OK,23-082,SS/NOIC,"Resin Injection to Protect Harbour East Interceptor, Victoria Drive Section",2023-03-15,Strata Products Worldwide LLC,"$ 751,770.56",Yes,'23-082'
3,ACCEPTED,7,OK,23-049,SS/NOIC,Completion of the Wet Well Ventilation Upgrade at the Cloverdale Sewage Pump Station,2023-03-17,Gifford Electric Ltd.,"$ 359,571.37",Yes,'23-049'
3,ACCEPTED,7,OK,22-281,RFP,Early Works Electrical Engineering Services For the Iona Island Wastewater Treatment Plant Upgrade Project,2023-03-21,Brown and Caldwell Consultants Canada Ltd.,"$ 539,272.00",Yes,'22-281'
3,ACCEPTED,7,OK,22-281,RFP,Early Works Electrical Engineering Services For the Iona Island Wastewater Treatment Plant Upgrade Project,2023-03-21,Ausenco Engineering Canada Inc.,N/A,No,'22-281'
3,ACCEPTED,7,OK,22-281,RFP,Early Works Electrical Engineering Services For the Iona Island Wastewater Treatment Plant Upgrade Project,2023-03-21,Tetra Tech,N/A,No,'22-281'
3,ACCEPTED,7,OK,21-047,ITT,Backup Power Installation of Capilano Raw Water Pump Station,2023-03-23,NAC Constructors Ltd.,"$ 49,094,982.00",Yes,'21-047'
3,ACCEPTED,7,OK,21-047,ITT,Backup Power Installation of Capilano Raw Water Pump Station,2023-03-23,Graham Infrastructure LP,N/A,No,'21-047'
3,ACCEPTED,7,OK,21-047,ITT,Backup Power Installation of Capilano Raw Water Pump Station,2023-03-23,MAPLE REINDERS CONSTRUCTORS LTD.,N/A,No,'21-047'
3,ACCEPTED,7,OK,21-047,ITT,Backup Power Installation of Capilano Raw Water Pump Station,2023-03-23,Flatiron Constructors Canada Limited,N/A,No,'21-047'
3,ACCEPTED,7,OK,22-326,RFQ,Supply and Delivery of Electric and Plug-in Hybrid Passenger Vehicles,2023-03-23,Open Road Auto Group,"$ 3,750,000.00",Yes,'22-326'
3,ACCEPTED,7,OK,22-326,RFQ,Supply and Delivery of Electric and Plug-in Hybrid Passenger Vehicles,2023-03-23,Applewood Auto Group,,Yes,'22-326'
3,ACCEPTED,7,OK,22-326,RFQ,Supply and Delivery of Electric and Plug-in Hybrid Passenger Vehicles,2023-03-23,West Auto Group (Kia West),,Yes,'22-326'
3,ACCEPTED,7,OK,22-326,RFQ,Supply and Delivery of Electric and Plug-in Hybrid Passenger Vehicles,2023-03-23,Dueck Chevrolet Buick Cadillac GM Ltd.,,Yes,'22-326'
3,ACCEPTED,7,OK,22-488,RFQ,Supply and Delivery of Medium and Heavy Duty Electric Trucks,2023-03-23,First Truck Centre inc.,"$ 2,000,000.00",Yes,'22-488'
3,ACCEPTED,7,OK,22-488,RFQ,Supply and Delivery of Medium and Heavy Duty Electric Trucks,2023-03-23,Harbour International Trucks Ltd.,,Yes,'22-488'
3,ACCEPTED,7,OK,22-488,RFQ,Supply and Delivery of Medium and Heavy Duty Electric Trucks,2023-03-23,The Lion Electric Co,,Yes,'22-488'
3,ACCEPTED,7,OK,22-488,RFQ,Supply and Delivery of Medium and Heavy Duty Electric Trucks,2023-03-23,Cubex Ltd.,,Yes,'22-488'
3,ACCEPTED,7,OK,22-488,RFQ,Supply and Delivery of Medium and Heavy Duty Electric Trucks,2023-03-23,Inland Kenworth,N/A,No,'22-488'
3,ACCEPTED,7,OK,22-090,RFP-MA,Consulting Engineering Services for Process and Water Treatment Projects,2023-03-24,Aecom Canada Ltd. (AECOM),"$ 808,900.00",Yes,'22-090'
3,ACCEPTED,7,OK,22-090,RFP-MA,Consulting Engineering Services for Process and Water Treatment Projects,2023-03-24,Jacobs Consultancy Canada Inc. (Jacobs),"$ 825,000.00",Yes,'22-090'
3,ACCEPTED,7,OK,22-090,RFP-MA,Consulting Engineering Services for Process and Water Treatment Projects,2023-03-24,WSP Canada Inc.,N/A,No,'22-090'
3,ACCEPTED,7,OK,23-122,SS/NOIC,Secure Unidirectional Gateway Technology,2023-03-24,rSolutions (Distributor),"$ 885,927.00",Yes,'23-122'
3,ACCEPTED,7,OK,22-187,RFP,"Contingency Disposal Services for Biosolids (title change from LWS Contingency Disposal, based off of Bottom Ash)",2023-04-03,RemedX Remediation Services Inc,"$ 1,279,000.00",Yes,'22-187'
3,ACCEPTED,7,OK,22-187,RFP,"Contingency Disposal Services for Biosolids (title change from LWS Contingency Disposal, based off of Bottom Ash)",2023-04-03,Secure Energy,N/A,No,'22-187'
3,ACCEPTED,7,OK,22-278,RFP,"Architectural Design Services for Roof Replacements at Meridian Village, Grandview Gardens and St. Andrews Place",2023-04-04,McCuaig & ASSOCIATES ENGINEERING LTD,"$ 137,250.00",Yes,'22-278'
3,ACCEPTED,7,OK,22-278,RFP,"Architectural Design Services for Roof Replacements at Meridian Village, Grandview Gardens and St. Andrews Place",2023-04-04,Absolute Building Science Strata Engineering Inc.,N/A,No,'22-278'
3,ACCEPTED,7,OK,22-278,RFP,"Architectural Design Services for Roof Replacements at Meridian Village, Grandview Gardens and St. Andrews Place",2023-04-04,Applus RTD,N/A,No,'22-278'
3,ACCEPTED,7,OK,22-278,RFP,"Architectural Design Services for Roof Replacements at Meridian Village, Grandview Gardens and St. Andrews Place",2023-04-04,EXP Services Inc.,N/A,No,'22-278'
3,ACCEPTED,7,OK,22-278,RFP,"Architectural Design Services for Roof Replacements at Meridian Village, Grandview Gardens and St. Andrews Place",2023-04-04,Phoenix Roof Consultants,N/A,No,'22-278'
3,ACCEPTED,7,OK,22-278,RFP,"Architectural Design Services for Roof Replacements at Meridian Village, Grandview Gardens and St. Andrews Place",2023-04-04,Morrison Hershfield,N/A,No,'22-278'
3,ACCEPTED,7,OK,22-278,RFP,"Architectural Design Services for Roof Replacements at Meridian Village, Grandview Gardens and St. Andrews Place",2023-04-04,SR Engineering Ltd.,N/A,No,'22-278'
3,ACCEPTED,7,OK,22-278,RFP,"Architectural Design Services for Roof Replacements at Meridian Village, Grandview Gardens and St. Andrews Place",2023-04-04,WSP Canada Inc.,N/A,No,'22-278'
3,ACCEPTED,7,OK,22-278,RFP,"Architectural Design Services for Roof Replacements at Meridian Village, Grandview Gardens and St. Andrews Place",2023-04-04,Entuitive,N/A,No,'22-278'
3,ACCEPTED,7,OK,22-278,RFP,"Architectural Design Services for Roof Replacements at Meridian Village, Grandview Gardens and St. Andrews Place",2023-04-04,Stephenson Engineering Limited,N/A,No,'22-278'
3,ACCEPTED,7,OK,22-278,RFP,"Architectural Design Services for Roof Replacements at Meridian Village, Grandview Gardens and St. Andrews Place",2023-04-04,IRC Building Sciences Group Inc.,N/A,No,'22-278'
3,ACCEPTED,7,OK,22-534,RFP,Annacis Wastewater Treatment Plant Stage V Outfall Pre-discharge Sediment Monitoring,2023-04-04,WSP Canada Inc.,"$ 185,992.09",Yes,'22-534'
4,ACCEPTED,7,OK,22-534,RFP,Annacis Wastewater Treatment Plant Stage V Outfall Pre-discharge Sediment Monitoring,2023-04-04,GreatPacific Consutling Ltd,N/A,No,'22-534'
4,ACCEPTED,7,OK,22-126,RFP,Barge Berth Design for the Iona Island Wastewater Treatment Plant Upgrade,2023-04-05,Worley Canada Services Ltd.,"$ 455,031.60",Yes,'22-126'
4,ACCEPTED,7,OK,22-126,RFP,Barge Berth Design for the Iona Island Wastewater Treatment Plant Upgrade,2023-04-05,Ausenco Engineering Canada Inc.,N/A,No,'22-126'
4,ACCEPTED,7,OK,22-126,RFP,Barge Berth Design for the Iona Island Wastewater Treatment Plant Upgrade,2023-04-05,Westmar Advisors Inc.,N/A,No,'22-126'
4,ACCEPTED,7,OK,22-126,RFP,Barge Berth Design for the Iona Island Wastewater Treatment Plant Upgrade,2023-04-05,Golder Associates Ltd.,N/A,No,'22-126'
4,ACCEPTED,7,OK,22-126,RFP,Barge Berth Design for the Iona Island Wastewater Treatment Plant Upgrade,2023-04-05,SNC Lavalin Inc.,N/A,No,'22-126'
4,ACCEPTED,7,OK,22-498,ITT,Jervis Pump Station Temporary Genset,2023-04-05,Regehr Contracting Ltd.,"$ 547,683.00",Yes,'22-498'
4,ACCEPTED,7,OK,22-498,ITT,Jervis Pump Station Temporary Genset,2023-04-05,Drake Excavating (2016) Ltd.,N/A,No,'22-498'
4,ACCEPTED,7,OK,23-092,ITT,Coastal Pacific Landscaping Ltd,2023-04-10,Coastal Pacific Landscaping Ltd,"$ 81,945.00",Yes,'23-092'
4,ACCEPTED,7,OK,22-235,RFP,Engineering and Design Services - Lynn Headwaters Baden Powell Trail,2023-04-11,Morrison Hershfield Limited,"$ 79,792.00",Yes,'22-235'
4,ACCEPTED,7,OK,22-235,RFP,Engineering and Design Services - Lynn Headwaters Baden Powell Trail,2023-04-11,ISL Engineering & Land Services,N/A,No,'22-235'
4,ACCEPTED,7,OK,22-235,RFP,Engineering and Design Services - Lynn Headwaters Baden Powell Trail,2023-04-11,Parsons Inc.,N/A,No,'22-235'
4,ACCEPTED,7,OK,22-235,RFP,Engineering and Design Services - Lynn Headwaters Baden Powell Trail,2023-04-11,R.F. Binnie & Associates Ltd.,N/A,No,'22-235'
4,ACCEPTED,7,OK,22-235,RFP,Engineering and Design Services - Lynn Headwaters Baden Powell Trail,2023-04-11,CVL Engineers Inc.,N/A,No,'22-235'
4,ACCEPTED,7,OK,22-235,RFP,Engineering and Design Services - Lynn Headwaters Baden Powell Trail,2023-04-11,Onsite Engineering Ltd.,N/A,No,'22-235'
4,ACCEPTED,7,OK,22-001,RFP,High Speed Wide Area Network (WAN) - Network Services,2023-04-20,TELUS Communications Inc.,"$ 334,800.00",Yes,'22-001'
4,ACCEPTED,7,OK,22-156,RFP,Archaeological Consulting Services for Central Park Main - 10th Avenue to Westburnco,2023-04-21,Katzie Development Limited Partnership (KDLP),"$ 365,210.81",Yes,'22-156'
4,ACCEPTED,7,OK,22-156,RFP,Archaeological Consulting Services for Central Park Main - 10th Avenue to Westburnco,2023-04-21,Terra Archaeology Limited,N/A,No,'22-156'
4,ACCEPTED,7,OK,22-380,RFP,Kennedy Newton Main - Phase 3C 86th Avenue and 120th Street to 84th Avenue and 123rd Street,2023-04-21,B&B Contracting (2012) Ltd.,"$ 27,755,600.00",Yes,'22-380'
4,ACCEPTED,7,OK,22-380,RFP,Kennedy Newton Main - Phase 3C 86th Avenue and 120th Street to 84th Avenue and 123rd Street,2023-04-21,Matcon Civil Constructors,N/A,No,'22-380'
4,ACCEPTED,7,OK,22-380,RFP,Kennedy Newton Main - Phase 3C 86th Avenue and 120th Street to 84th Avenue and 123rd Street,2023-04-21,JJM Construction Ltd,N/A,No,'22-380'
4,ACCEPTED,7,OK,22-380,RFP,Kennedy Newton Main - Phase 3C 86th Avenue and 120th Street to 84th Avenue and 123rd Street,2023-04-21,Michels Canada Co.,N/A,No,'22-380'
4,ACCEPTED,7,OK,22-380,RFP,Kennedy Newton Main - Phase 3C 86th Avenue and 120th Street to 84th Avenue and 123rd Street,2023-04-21,Sandpiper Contracting LLP,N/A,No,'22-380'
4,ACCEPTED,7,OK,22-167,RFP,Construction Management for Services and Construction (At-Risk),2023-04-24,Kinetic Construction Ltd.,"$ 180,000.00",Yes,'22-167'
4,ACCEPTED,7,OK,22-167,RFP,Construction Management for Services and Construction (At-Risk),2023-04-24,Scott Construction (2005) Ltd,"$ 66,400.00",Yes,'22-167'
4,ACCEPTED,7,OK,22-167,RFP,Construction Management for Services and Construction (At-Risk),2023-04-24,Heatherbrae,N/A,No,'22-167'
4,ACCEPTED,7,OK,22-167,RFP,Construction Management for Services and Construction (At-Risk),2023-04-24,Peak Construction Ltd.,N/A,No,'22-167'
4,ACCEPTED,7,OK,22-167,RFP,Construction Management for Services and Construction (At-Risk),2023-04-24,Ventana Construction,N/A,No,'22-167'
4,ACCEPTED,7,OK,23-037,RFP,"Landscape Architectural Design Development Services - Cambpell Valley Regional Park, Little River Bowl and Mclean Pond",2023-04-24,Van der Zalm + Associates Consulting Ltd,"$ 76,632.00",Yes,'23-037'
4,ACCEPTED,7,OK,22-392,ITT,Lulu Island WWTP Power Reliability Project - DVR Installation,2023-04-26,Tritech Group Ltd.,"$ 1,083,000.25",Yes,'22-392'
4,ACCEPTED,7,OK,22-392,ITT,Lulu Island WWTP Power Reliability Project - DVR Installation,2023-04-26,North America Construction (1993) Ltd. (NAC),N/A,No,'22-392'
4,ACCEPTED,7,OK,22-172,ITT,Supply of Valve Actuators for Westburnco Pump Station No. 1,2023-04-27,Summit Valve & Controls,"$ 38,338.00",Yes,'22-172'
4,ACCEPTED,7,OK,22-172,ITT,Supply of Valve Actuators for Westburnco Pump Station No. 1,2023-04-27,CB Process Instruments & Controls (the “Supply Contractor”),"$ 52,120.00",Yes,'22-172'
4,ACCEPTED,7,OK,22-172,ITT,Supply of Valve Actuators for Westburnco Pump Station No. 1,2023-04-27,Spartan Controls Ltd.,N/A,No,'22-172'
4,ACCEPTED,7,OK,22-043,RFP,Comprehensive Environmental Consulting Services,2023-04-28,AECOM Canada Ltd.,"$ 998,700.00",Yes,'22-043'
4,ACCEPTED,7,OK,22-043,RFP,Comprehensive Environmental Consulting Services,2023-04-28,Dillon Consulting Limited,N/A,No,'22-043'
4,ACCEPTED,7,OK,22-043,RFP,Comprehensive Environmental Consulting Services,2023-04-28,Stantec Consulting Ltd.,N/A,No,'22-043'
4,ACCEPTED,7,OK,22-139,RFP,Construction of Coquitlam Main No. 4 South Section - Robson Drive to Guildford Way,2023-04-28,Michels Canada Co.,"$ 97,046,248.20",Yes,'22-139'
4,ACCEPTED,7,OK,22-139,RFP,Construction of Coquitlam Main No. 4 South Section - Robson Drive to Guildford Way,2023-04-28,Aecon Infrastructure Management Inc.,N/A,No,'22-139'
4,ACCEPTED,7,OK,23-058,RFP-MA,NWLWWTP Hydraulic Modelling Project,2023-05-05,Associated Engineering (BC) Ltd.,"$ 185,173.00",Yes,'23-058'
4,ACCEPTED,7,OK,23-119,ITQ,Archaeological impact assessment servicesfor Capilano Service Yard Project,2023-05-05,ISL Engineering & Land Services Ltd.,"$ 182,157.00",Yes,'23-119'
4,ACCEPTED,7,OK,23-119,ITQ,Archaeological impact assessment servicesfor Capilano Service Yard Project,2023-05-05,WSP E&I Canada Ltd,N/A,No,'23-119'
4,ACCEPTED,7,OK,22-009,RFP,Supply and Installation of North Road Trunk Sewer No. 2 – Phase 2 (Lougheed Highway to Clarke Road),2023-05-09,Clearway Construction Inc.,"$ 7,947,758.20",Yes,'22-009'
5,ACCEPTED,7,OK,22-009,RFP,Supply and Installation of North Road Trunk Sewer No. 2 – Phase 2 (Lougheed Highway to Clarke Road),2023-05-09,Hall Constructors,N/A,No,'22-009'
5,ACCEPTED,7,OK,22-009,RFP,Supply and Installation of North Road Trunk Sewer No. 2 – Phase 2 (Lougheed Highway to Clarke Road),2023-05-09,B&B Contracting (2012) Ltd.,N/A,No,'22-009'
5,ACCEPTED,7,OK,22-009,RFP,Supply and Installation of North Road Trunk Sewer No. 2 – Phase 2 (Lougheed Highway to Clarke Road),2023-05-09,BEL Contracting,N/A,No,'22-009'
5,ACCEPTED,7,OK,23-030,RFP,TNT Trail Upgrades,2023-05-09,Dream Wizard Events,"$ 75,000.00",Yes,'23-030'
5,ACCEPTED,7,OK,23-030,RFP,TNT Trail Upgrades,2023-05-09,Park Solutions Inc.,N/A,No,'23-030'
5,ACCEPTED,7,OK,23-030,RFP,TNT Trail Upgrades,2023-05-09,Skylark Management Corp.,N/A,No,'23-030'
5,ACCEPTED,7,OK,23-030,RFP,TNT Trail Upgrades,2023-05-09,Rare Earth Recreational Developments Inc,N/A,No,'23-030'
5,ACCEPTED,7,OK,23-026,RFP,EIC Consulting Engineering Services for the Fraser Sewage Area Flow Metering Replacement Project,2023-05-15,MTS Engineering Inc.,"$ 388,437.00",Yes,'23-026'
5,ACCEPTED,7,OK,23-026,RFP,EIC Consulting Engineering Services for the Fraser Sewage Area Flow Metering Replacement Project,2023-05-15,Tetra Tech Canada Inc,N/A,No,'23-026'
5,ACCEPTED,7,OK,23-078,ITT,Improvement for Grouse Mountain Regional Park - Station 2 to 4.5,2023-05-15,Park Solutions Inc.,"$ 122,304.00",Yes,'23-078'
5,ACCEPTED,7,OK,23-078,ITT,Improvement for Grouse Mountain Regional Park - Station 2 to 4.5,2023-05-15,Skylark Management Corp.,"$ 194,454.00",Yes,'23-078'
5,ACCEPTED,7,OK,23-078,ITT,Improvement for Grouse Mountain Regional Park - Station 2 to 4.5,2023-05-15,Rare Earth Recreational Developments Inc,"$ 60,000.00",Yes,'23-078'
5,ACCEPTED,7,OK,23-013,RFP,Solid Waste Management Engagement Services,2023-05-18,Morrison Hershfield,"$ 877,926.00",Yes,'23-013'
5,ACCEPTED,7,OK,23-013,RFP,Solid Waste Management Engagement Services,2023-05-18,ACI Argyle Communications Inc.,N/A,No,'23-013'
5,ACCEPTED,7,OK,23-013,RFP,Solid Waste Management Engagement Services,2023-05-18,Tetra Tech Canada Inc.,N/A,No,'23-013'
5,ACCEPTED,7,OK,23-013,RFP,Solid Waste Management Engagement Services,2023-05-18,Stantec Consulting Ltd.,N/A,No,'23-013'
5,ACCEPTED,7,OK,22-134,RFSQ,Fairness Monitoring Services for IIWWTP Program,2023-05-24,Miller Thomson LLP,"$ 165,300.00",Yes,'22-134'
5,ACCEPTED,7,OK,22-134,RFSQ,Fairness Monitoring Services for IIWWTP Program,2023-05-24,Lakeland Consulting Inc,N/A,No,'22-134'
5,ACCEPTED,7,OK,22-134,RFSQ,Fairness Monitoring Services for IIWWTP Program,2023-05-24,P1 Consulting Inc.,N/A,No,'22-134'
5,ACCEPTED,7,OK,22-134,RFSQ,Fairness Monitoring Services for IIWWTP Program,2023-05-24,Robinson Global Management,N/A,No,'22-134'
5,ACCEPTED,7,OK,22-134,RFSQ,Fairness Monitoring Services for IIWWTP Program,2023-05-24,MNP LLP,N/A,No,'22-134'
5,ACCEPTED,7,OK,22-530,ITQ,Archaeological Services for the Stoney Creek Sanitary Trunk Sewer Upgrade,2023-05-24,WSP Canada Inc.,"$ 135,471.00",Yes,'22-530'
5,ACCEPTED,7,OK,23-174,SS/NOIC,Engineering Consulting Services for the Cariboo Dam Structural Repairs,2023-05-25,KLOHN CRIPPEN BERGER LTD,"$ 77,938.58",Yes,'23-174'
5,ACCEPTED,7,OK,22-363,RFP,Consulting Engineering Services for Highbury Interceptor Relocation Study,2023-05-26,Jacobs Consultancy Canada Inc,"$ 410,729.00",Yes,'22-363'
5,ACCEPTED,7,OK,22-363,RFP,Consulting Engineering Services for Highbury Interceptor Relocation Study,2023-05-26,Associated Engineering (B.C.) Ltd.,N/A,No,'22-363'
5,ACCEPTED,7,OK,22-363,RFP,Consulting Engineering Services for Highbury Interceptor Relocation Study,2023-05-26,AECOM Canada Ltd.,N/A,No,'22-363'
5,ACCEPTED,7,OK,22-318,RFP,Supply and Delivery of Dry Polymer to Wastewater Treatment Plants,2023-06-01,Solenis LLC,"$ 7,956,000.00",Yes,'22-318'
5,ACCEPTED,7,OK,22-318,RFP,Supply and Delivery of Dry Polymer to Wastewater Treatment Plants,2023-06-01,Brenntag Canada Inc.,N/A,No,'22-318'
5,ACCEPTED,7,OK,22-379,RFP,Supply and Delivery of Liquid Polymer to Northwest Langley Wastewater Treatment Plant,2023-06-01,Brenntag Canada Inc.,"$ 452,600.00",Yes,'22-379'
5,ACCEPTED,7,OK,22-379,RFP,Supply and Delivery of Liquid Polymer to Northwest Langley Wastewater Treatment Plant,2023-06-01,SLS Chemical Inc.,N/A,No,'22-379'
5,ACCEPTED,7,OK,22-379,RFP,Supply and Delivery of Liquid Polymer to Northwest Langley Wastewater Treatment Plant,2023-06-01,Solenic,N/A,No,'22-379'
5,ACCEPTED,7,OK,22-435,RFP,LIWWTP Blower Building ICS I/O Upgrade Project Engineering Services,2023-06-01,Wood Canada Limited,"$ 554,340.00",Yes,'22-435'
5,ACCEPTED,7,OK,22-435,RFP,LIWWTP Blower Building ICS I/O Upgrade Project Engineering Services,2023-06-01,"Magna IV Engineering, Inc.",N/A,No,'22-435'
5,ACCEPTED,7,OK,22-435,RFP,LIWWTP Blower Building ICS I/O Upgrade Project Engineering Services,2023-06-01,Stantec Consulting Ltd.,N/A,No,'22-435'
5,ACCEPTED,7,OK,22-435,RFP,LIWWTP Blower Building ICS I/O Upgrade Project Engineering Services,2023-06-01,Tetra Tech,N/A,No,'22-435'
5,ACCEPTED,7,OK,22-495,RFP,LIWWTP office Trailer Purchase and Installation,2023-06-06,Fort Modular Inc.,"$ 109,043.00",Yes,'22-495'
5,ACCEPTED,7,OK,22-495,RFP,LIWWTP office Trailer Purchase and Installation,2023-06-06,ATCO Structures and Logistics Ltd.,N/A,No,'22-495'
5,ACCEPTED,7,OK,23-034,RFP,Residential Property Management Services for Regional Parks,2023-06-06,Alwynds Property Management & Real Estate Services Ltd.,"$ 190,800.00",Yes,'23-034'
5,ACCEPTED,7,OK,23-221,SS/NOIC,Analyzing Potential Financial Room for Increased/Additional Regional DCC's,2023-06-08,Coriolis Consulting Corp.,"$ 136,500.00",Yes,'23-221'
5,ACCEPTED,7,OK,21-479,RFQ,"Design, Fabricate/Supply, Commission and Provide Support During Operation of a Membrane Bioreactor Pilot System for the Iona Island Wastewater Treatment Plant Projects",2023-06-13,SUEZ Water Technologies & Solutions Canada,"$ 2,388,420.00",Yes,'21-479'
5,ACCEPTED,7,OK,21-479,RFQ,"Design, Fabricate/Supply, Commission and Provide Support During Operation of a Membrane Bioreactor Pilot System for the Iona Island Wastewater Treatment Plant Projects",2023-06-13,Bi Pure Water (Canada) Inc.,N/A,No,'21-479'
5,ACCEPTED,7,OK,21-479,RFQ,"Design, Fabricate/Supply, Commission and Provide Support During Operation of a Membrane Bioreactor Pilot System for the Iona Island Wastewater Treatment Plant Projects",2023-06-13,Veolia Water Technologies & Solution Canada,N/A,No,'21-479'
6,ACCEPTED,7,OK,21-479,RFQ,"Design, Fabricate/Supply, Commission and Provide Support During Operation of a Membrane Bioreactor Pilot System for the Iona Island Wastewater Treatment Plant Projects",2023-06-13,ECOfluid Systems Inc.,N/A,No,'21-479'
6,ACCEPTED,7,OK,21-479,RFQ,"Design, Fabricate/Supply, Commission and Provide Support During Operation of a Membrane Bioreactor Pilot System for the Iona Island Wastewater Treatment Plant Projects",2023-06-13,Access Welding & Coating Inspections Ltd.,N/A,No,'21-479'
6,ACCEPTED,7,OK,21-479,RFQ,"Design, Fabricate/Supply, Commission and Provide Support During Operation of a Membrane Bioreactor Pilot System for the Iona Island Wastewater Treatment Plant Projects",2023-06-13,Fibracast Ltd,N/A,No,'21-479'
6,ACCEPTED,7,OK,21-480,RFQ,"Design, Fabricate/Supply, Commission and Provide Support During Operation of an Aerobic Granular Sludge Pilot System for the Iona Island Wastewater Treatment Plant Projects",2023-06-13,Aqua-Aerobic Systems Inc.,"$ 3,952,429.00",Yes,'21-480'
6,ACCEPTED,7,OK,21-480,RFQ,"Design, Fabricate/Supply, Commission and Provide Support During Operation of an Aerobic Granular Sludge Pilot System for the Iona Island Wastewater Treatment Plant Projects",2023-06-13,Access Welding & Coating Inspections Ltd.,N/A,No,'21-480'
6,ACCEPTED,7,OK,23-181,SS/NOIC,Vancouver Landfill Financial Analysis,2023-06-14,PricewaterhouseCoopers LLP,"$ 130,000.00",Yes,'23-181'
6,ACCEPTED,7,OK,22-381,RFP,Hydrological Models for the Capilano and Seymour Watersheds,2023-06-16,"DHI Water & Environment, Inc.","$ 535,860.00",Yes,'22-381'
6,ACCEPTED,7,OK,22-381,RFP,Hydrological Models for the Capilano and Seymour Watersheds,2023-06-16,GHD Limited,N/A,No,'22-381'
6,ACCEPTED,7,OK,22-381,RFP,Hydrological Models for the Capilano and Seymour Watersheds,2023-06-16,Millennium EMS Solutions Ltd.,N/A,No,'22-381'
6,ACCEPTED,7,OK,22-381,RFP,Hydrological Models for the Capilano and Seymour Watersheds,2023-06-16,Northwest Hydraulic Consultants Ltd.,N/A,No,'22-381'
6,ACCEPTED,7,OK,22-381,RFP,Hydrological Models for the Capilano and Seymour Watersheds,2023-06-16,Kerr Wood Leidal Associates Limited,N/A,No,'22-381'
6,ACCEPTED,7,OK,23-060,RFQ,Metro Vancouver School and Youth Leadership Program Consulting Services,2023-06-19,Syncollab Strategies,"$ 500,000.00",Yes,'23-060'
6,ACCEPTED,7,OK,23-060,RFQ,Metro Vancouver School and Youth Leadership Program Consulting Services,2023-06-19,The Students Commission of Canada,,Yes,'23-060'
6,ACCEPTED,7,OK,23-060,RFQ,Metro Vancouver School and Youth Leadership Program Consulting Services,2023-06-19,"Modus Planning, Design & Engagement Inc.",,Yes,'23-060'
6,ACCEPTED,7,OK,23-060,RFQ,Metro Vancouver School and Youth Leadership Program Consulting Services,2023-06-19,CityHive Youth Engagement Society,,Yes,'23-060'
6,ACCEPTED,7,OK,23-060,RFQ,Metro Vancouver School and Youth Leadership Program Consulting Services,2023-06-19,Laura Bamsey Consulting,,Yes,'23-060'
6,ACCEPTED,7,OK,23-101,RFP,Consulting Services for Drinking Water Supply/Demand Planning Tools,2023-06-19,KERR WOOD LEIDAL ASSOCIATES LTD.,"$ 92,760.00",Yes,'23-101'
6,ACCEPTED,7,OK,23-161,RFP,Alpine Lake & Rice Lake Dams Public Safety Assessment,2023-06-19,Hatch Ltd.,"$ 152,000.00",Yes,'23-161'
6,ACCEPTED,7,OK,23-079,RFSQ,Feasibility Study for Producing Green Hydrogen in the Lulu Island Wastewater Treatment Plant,2023-06-20,GHD Limited,"$ 77,725.00",Yes,'23-079'
6,ACCEPTED,7,OK,23-079,RFSQ,Feasibility Study for Producing Green Hydrogen in the Lulu Island Wastewater Treatment Plant,2023-06-20,Black & Veatch Canada Company,N/A,No,'23-079'
6,ACCEPTED,7,OK,23-079,RFSQ,Feasibility Study for Producing Green Hydrogen in the Lulu Island Wastewater Treatment Plant,2023-06-20,WSP Canada Inc.,N/A,No,'23-079'
6,ACCEPTED,7,OK,23-079,RFSQ,Feasibility Study for Producing Green Hydrogen in the Lulu Island Wastewater Treatment Plant,2023-06-20,DNV Canada Ltd.,N/A,No,'23-079'
6,ACCEPTED,7,OK,23-079,RFSQ,Feasibility Study for Producing Green Hydrogen in the Lulu Island Wastewater Treatment Plant,2023-06-20,Sacré-Davey Engineering Inc.,N/A,No,'23-079'
6,ACCEPTED,7,OK,23-087,ITT,Graded Aggregate Seal Coat Surfacing - Seymour Mainline - Lower Seymour Conservation Reserve,2023-06-27,Shades Tankers (1976) Ltd,"$ 132,825.00",Yes,'23-087'
6,ACCEPTED,7,OK,23-238,SS/NOIC,North Shore WWTP Project - Cost Estimation Services,2023-06-30,Excel Advisory Services Ltd,"$ 500,000.00",Yes,'23-238'
6,ACCEPTED,7,OK,23-246,SS/NOIC,Archaeological Assessment Services,2023-06-30,Brown & Oakes Archaeology,"$ 97,720.00",Yes,'23-246'
6,ACCEPTED,7,OK,22-361,RFP,Construction Management of Coquitlam Main No. 4 (COQ4) South Section,2023-07-04,Stantec Consulting Ltd.,"$ 9,561,410.00",Yes,'22-361'
6,ACCEPTED,7,OK,22-361,RFP,Construction Management of Coquitlam Main No. 4 (COQ4) South Section,2023-07-04,PMA Project Controls Canada ULC,N/A,No,'22-361'
6,ACCEPTED,7,OK,22-361,RFP,Construction Management of Coquitlam Main No. 4 (COQ4) South Section,2023-07-04,RAM Engineering Ltd.,N/A,No,'22-361'
6,ACCEPTED,7,OK,21-481,RFQ,"Design, Fabricate/Supply, Commission and Provide Support During Operation of a Cloth Media Filtration Pilot System for the Iona Island Wastewater Treatment Plant Projects",2023-07-07,Aqua-Aerobic Systems Inc.,"$ 612,027.00",Yes,'21-481'
6,ACCEPTED,7,OK,21-481,RFQ,"Design, Fabricate/Supply, Commission and Provide Support During Operation of a Cloth Media Filtration Pilot System for the Iona Island Wastewater Treatment Plant Projects",2023-07-07,Veolia Water Technologies Canada Inc.,N/A,No,'21-481'
6,ACCEPTED,7,OK,23-127,ITQ,Archeological Impact Assessment for Water Instrumentation Installation Project,2023-07-07,ISL Engineering and Land Services Ltd.,"$ 216,849.00",Yes,'23-127'
6,ACCEPTED,7,OK,23-127,ITQ,Archeological Impact Assessment for Water Instrumentation Installation Project,2023-07-07,Kleanza Consulting Ltd,N/A,No,'23-127'
6,ACCEPTED,7,OK,22-186,RFP,Municipal Solid Waste Contingency Disposal Services,2023-07-10,Waste Mangement Canada,"$ 44,100,000.00",Yes,'22-186'
6,ACCEPTED,7,OK,22-186,RFP,Municipal Solid Waste Contingency Disposal Services,2023-07-10,Republic Services,"$ 40,650,000.00",Yes,'22-186'
6,ACCEPTED,7,OK,22-186,RFP,Municipal Solid Waste Contingency Disposal Services,2023-07-10,GFL Environmental Inc.,"$ 43,030,000.00",Yes,'22-186'
7,ACCEPTED,7,OK,22-357,RFP,Consulting Engineering Services for Outfall Rehabilitation at Iona Island Wastewater Treatment Plant,2023-07-10,CDM Smith Canada ULC,"$ 2,589,609.00",Yes,'22-357'
7,ACCEPTED,7,OK,22-357,RFP,Consulting Engineering Services for Outfall Rehabilitation at Iona Island Wastewater Treatment Plant,2023-07-10,WSP Canada Inc.,N/A,No,'22-357'
7,ACCEPTED,7,OK,22-402,RFP,Consulting Engineering Services for the New Westminster Interceptor West Branch (NWW) and Columbia Extension (NWX) Rehabilitation Project,2023-07-10,Jacobs Consultancy Canada Inc.,"$ 967,647.00",Yes,'22-402'
7,ACCEPTED,7,OK,22-402,RFP,Consulting Engineering Services for the New Westminster Interceptor West Branch (NWW) and Columbia Extension (NWX) Rehabilitation Project,2023-07-10,Stantec Consulting Ltd.,N/A,No,'22-402'
7,ACCEPTED,7,OK,22-482,RFP,Engineering and Construction Administration Services - Recycling Depots at the Langley and North Surrey Recycling and Waste Centers,2023-07-10,Morrison Hershfield Limited,"$ 1,808,435.00",Yes,'22-482'
7,ACCEPTED,7,OK,22-482,RFP,Engineering and Construction Administration Services - Recycling Depots at the Langley and North Surrey Recycling and Waste Centers,2023-07-10,HDR Corporation,N/A,No,'22-482'
7,ACCEPTED,7,OK,22-482,RFP,Engineering and Construction Administration Services - Recycling Depots at the Langley and North Surrey Recycling and Waste Centers,2023-07-10,GHD Limited,N/A,No,'22-482'
7,ACCEPTED,7,OK,23-145,ITT,Contractor for Flooring Replacement,2023-07-12,Tip Top Carpets Ltd,"$ 122,171.42",Yes,'23-145'
7,ACCEPTED,7,OK,23-145,ITT,Contractor for Flooring Replacement,2023-07-12,Bestway Flooring,N/A,No,'23-145'
7,ACCEPTED,7,OK,23-145,ITT,Contractor for Flooring Replacement,2023-07-12,Emin’s Renovation,N/A,No,'23-145'
7,ACCEPTED,7,OK,23-145,ITT,Contractor for Flooring Replacement,2023-07-12,Vancouver Mobile Flooring,N/A,No,'23-145'
7,ACCEPTED,7,OK,23-170,RFP,Marine Sediment Effects Surveys – Evaluation of Program Frequency Reduction,2023-07-17,LGL Limited,"$ 105,810.00",Yes,'23-170'
7,ACCEPTED,7,OK,23-170,RFP,Marine Sediment Effects Surveys – Evaluation of Program Frequency Reduction,2023-07-17,GreatPacific Consutling Ltd,N/A,No,'23-170'
7,ACCEPTED,7,OK,23-170,RFP,Marine Sediment Effects Surveys – Evaluation of Program Frequency Reduction,2023-07-17,Dynamic Ocean Consulting Ltd,N/A,No,'23-170'
7,ACCEPTED,7,OK,23-179,ITT,Construction Services for Perimeter Trail - Segment C,2023-07-18,Nations First Contracting,"$ 282,765.00",Yes,'23-179'
7,ACCEPTED,7,OK,23-179,ITT,Construction Services for Perimeter Trail - Segment C,2023-07-18,Capital Green Landscapes Ltd,N/A,No,'23-179'
7,ACCEPTED,7,OK,23-179,ITT,Construction Services for Perimeter Trail - Segment C,2023-07-18,Howard Wilson Construction Ltd.,N/A,No,'23-179'
7,ACCEPTED,7,OK,23-179,ITT,Construction Services for Perimeter Trail - Segment C,2023-07-18,New Rhodes Construction Inc.,N/A,No,'23-179'
7,ACCEPTED,7,OK,23-179,ITT,Construction Services for Perimeter Trail - Segment C,2023-07-18,Valleyside Contracting Services,N/A,No,'23-179'
7,ACCEPTED,7,OK,23-179,ITT,Construction Services for Perimeter Trail - Segment C,2023-07-18,JS FERGUSON CONSTRUCTION INC,N/A,No,'23-179'
7,ACCEPTED,7,OK,23-179,ITT,Construction Services for Perimeter Trail - Segment C,2023-07-18,Skylark Management Corp.,N/A,No,'23-179'
7,ACCEPTED,7,OK,23-179,ITT,Construction Services for Perimeter Trail - Segment C,2023-07-18,Roberds Excavating Ltd,N/A,No,'23-179'
7,ACCEPTED,7,OK,23-179,ITT,Construction Services for Perimeter Trail - Segment C,2023-07-18,Graywood Construction Ltd,N/A,No,'23-179'
7,ACCEPTED,7,OK,23-093,RFP,Cleveland Dam Safety Review,2023-07-21,Hatch Inc.,"$ 116,655.00",Yes,'23-093'
7,ACCEPTED,7,OK,23-093,RFP,Cleveland Dam Safety Review,2023-07-21,Kontzamanis Graumann Smith MacMillan Inc.,N/A,No,'23-093'
7,ACCEPTED,7,OK,23-093,RFP,Cleveland Dam Safety Review,2023-07-21,WSP Canada Inc.,N/A,No,'23-093'
7,ACCEPTED,7,OK,23-093,RFP,Cleveland Dam Safety Review,2023-07-21,Stantec Consulting Ltd.,N/A,No,'23-093'
7,ACCEPTED,7,OK,23-154,ITT,Cammidge House Reroofing,2023-07-21,Penfolds Roofing Inc.,"$ 91,625.00",Yes,'23-154'
7,ACCEPTED,7,OK,23-154,ITT,Cammidge House Reroofing,2023-07-21,Absolute Roof Solutions Inc.,N/A,No,'23-154'
7,ACCEPTED,7,OK,23-154,ITT,Cammidge House Reroofing,2023-07-21,BOLLMAN ROOFING & SHEET METAL LTD,N/A,No,'23-154'
7,ACCEPTED,7,OK,23-154,ITT,Cammidge House Reroofing,2023-07-21,Langley Roofing Co. Ltd,N/A,No,'23-154'
7,ACCEPTED,7,OK,23-115,RFP,Consulting Services for Cloverdale Pump Station Stage 1 Upgrade Project,2023-07-25,Kerr Wood Leidal Associates Ltd.,"$ 214,610.00",Yes,'23-115'
7,ACCEPTED,7,OK,23-115,RFP,Consulting Services for Cloverdale Pump Station Stage 1 Upgrade Project,2023-07-25,AECOM Canada Ltd,N/A,No,'23-115'
7,ACCEPTED,7,OK,23-115,RFP,Consulting Services for Cloverdale Pump Station Stage 1 Upgrade Project,2023-07-25,Parsons Inc,N/A,No,'23-115'
7,ACCEPTED,7,OK,23-115,RFP,Consulting Services for Cloverdale Pump Station Stage 1 Upgrade Project,2023-07-25,Stantec Consulting Ltd,N/A,No,'23-115'
7,ACCEPTED,7,OK,23-115,RFP,Consulting Services for Cloverdale Pump Station Stage 1 Upgrade Project,2023-07-25,WSP Canada Ltd.,N/A,No,'23-115'
7,ACCEPTED,7,OK,23-204,RFP,Professional Consulting Services for Project Management Standards Development,2023-07-26,Deloitte LLP,"$ 236,637.00",Yes,'23-204'
7,ACCEPTED,7,OK,23-204,RFP,Professional Consulting Services for Project Management Standards Development,2023-07-26,KPMG LLP,N/A,No,'23-204'
7,ACCEPTED,7,OK,23-172,SS/NOIC,Weight Scale Maintenance Service Contract,2023-07-27,Mettler Toledo Inc.,"$ 420,604.12",Yes,'23-172'
7,ACCEPTED,7,OK,22-304,RFQ,"Consulting Services – Design, Construction and Post Construction Services for Seymour and Capilano Dam Safety Booms",2023-07-28,Klohn Crippen Berger Ltd.,"$ 179,982.00",Yes,'22-304'
7,ACCEPTED,7,OK,22-304,RFQ,"Consulting Services – Design, Construction and Post Construction Services for Seymour and Capilano Dam Safety Booms",2023-07-28,WSP Canada Inc.,N/A,No,'22-304'
7,ACCEPTED,7,OK,23-185,RFP,Competitive Analysis of Metro Vancouver's Tech Sector,2023-07-31,KPMG LLP,"$ 89,440.00",Yes,'23-185'
7,ACCEPTED,7,OK,23-185,RFP,Competitive Analysis of Metro Vancouver's Tech Sector,2023-07-31,Deloitte,N/A,No,'23-185'
7,ACCEPTED,7,OK,23-185,RFP,Competitive Analysis of Metro Vancouver's Tech Sector,2023-07-31,Ernst & Young LLP,N/A,No,'23-185'
7,ACCEPTED,7,OK,23-288,SS/NOIC,Cleveland Dam Upper Outlet Slide Gates & Conduit Inspection,2023-08-01,Klohn Crippen Berger Ltd.,"$ 97,990.00",Yes,'23-288'
8,ACCEPTED,7,OK,22-310,ITT,"Supply, Delivery and Installation of a Genset at Chilco Pump Station",2023-08-02,Regehr Contracting Ltd.,"$ 693,000.00",Yes,'22-310'
8,ACCEPTED,7,OK,22-439,RFP,"Prime Consulting for Geotechnical, Environmental and Other Engineering Services for Central Park Main No. 2 – 10th Avenue to Westburnco",2023-08-02,Tetra Tech,"$ 985,342.00",Yes,'22-439'
8,ACCEPTED,7,OK,22-439,RFP,"Prime Consulting for Geotechnical, Environmental and Other Engineering Services for Central Park Main No. 2 – 10th Avenue to Westburnco",2023-08-02,WSP Canada Inc.,N/A,No,'22-439'
8,ACCEPTED,7,OK,23-100,ITT,Capilano Raw Water Pump Station and Westburnco Pump Station Temporary Back Up Power,2023-08-02,NAC Constructors Ltd.,"$ 10,749,738.00",Yes,'23-100'
8,ACCEPTED,7,OK,23-100,ITT,Capilano Raw Water Pump Station and Westburnco Pump Station Temporary Back Up Power,2023-08-02,Bennett Mechanical Installations (2001) Ltd,N/A,No,'23-100'
8,ACCEPTED,7,OK,23-100,ITT,Capilano Raw Water Pump Station and Westburnco Pump Station Temporary Back Up Power,2023-08-02,Tritech Group Ltd.,N/A,No,'23-100'
8,ACCEPTED,7,OK,23-062,RFP,Supply and Delivery of Network Switches,2023-08-03,ITBlueprint Solutions Inc.,"$ 115,634.50",Yes,'23-062'
8,ACCEPTED,7,OK,23-062,RFP,Supply and Delivery of Network Switches,2023-08-03,IOSecure,N/A,No,'23-062'
8,ACCEPTED,7,OK,23-062,RFP,Supply and Delivery of Network Switches,2023-08-03,Turning Point,N/A,No,'23-062'
8,ACCEPTED,7,OK,23-062,RFP,Supply and Delivery of Network Switches,2023-08-03,GlassHouse Systems Inc.,N/A,No,'23-062'
8,ACCEPTED,7,OK,23-062,RFP,Supply and Delivery of Network Switches,2023-08-03,Siemens Canada Ltd.,N/A,No,'23-062'
8,ACCEPTED,7,OK,23-062,RFP,Supply and Delivery of Network Switches,2023-08-03,KLOUDIFIED INTERNET SERVICES INC.,N/A,No,'23-062'
8,ACCEPTED,7,OK,23-062,RFP,Supply and Delivery of Network Switches,2023-08-03,Ignite Alliance Corp. dba Ignite Technology,N/A,No,'23-062'
8,ACCEPTED,7,OK,23-062,RFP,Supply and Delivery of Network Switches,2023-08-03,L42 Solutions Ltd.,N/A,No,'23-062'
8,ACCEPTED,7,OK,23-062,RFP,Supply and Delivery of Network Switches,2023-08-03,CDW Canada Corp.,N/A,No,'23-062'
8,ACCEPTED,7,OK,23-062,RFP,Supply and Delivery of Network Switches,2023-08-03,"Electrep, Inc.",N/A,No,'23-062'
8,ACCEPTED,7,OK,23-062,RFP,Supply and Delivery of Network Switches,2023-08-03,Manufacturers Automation Inc.,N/A,No,'23-062'
8,ACCEPTED,7,OK,23-062,RFP,Supply and Delivery of Network Switches,2023-08-03,Clutch Solutions CA Inc,N/A,No,'23-062'
8,ACCEPTED,7,OK,23-062,RFP,Supply and Delivery of Network Switches,2023-08-03,X10 NETWORKS,N/A,No,'23-062'
8,ACCEPTED,7,OK,23-148,RFP,Rental of Centrifuge Equipment for the Hydrothermal Liquefaction (HTL) Plant at Annacis Island Wastewater Treatment Plant (AIWWTP),2023-08-03,Archer Separation Inc.,"$ 201,582.00",Yes,'23-148'
8,ACCEPTED,7,OK,23-148,RFP,Rental of Centrifuge Equipment for the Hydrothermal Liquefaction (HTL) Plant at Annacis Island Wastewater Treatment Plant (AIWWTP),2023-08-03,DRYCAKE,N/A,No,'23-148'
8,ACCEPTED,7,OK,23-148,RFP,Rental of Centrifuge Equipment for the Hydrothermal Liquefaction (HTL) Plant at Annacis Island Wastewater Treatment Plant (AIWWTP),2023-08-03,ANDRITZ SEPARATION TECHNOLOGIES INC.,N/A,No,'23-148'
8,ACCEPTED,7,OK,22-177,RFP,Group Insurance Benefits - Metro Vancouver,2023-08-04,Desjardins Financial Security Life Assurance Company,"$ 13,287,000.00",Yes,'22-177'
8,ACCEPTED,7,OK,22-177,RFP,Group Insurance Benefits - Metro Vancouver,2023-08-04,Canada Life,N/A,No,'22-177'
8,ACCEPTED,7,OK,22-177,RFP,Group Insurance Benefits - Metro Vancouver,2023-08-04,Pacific Blue Cross,N/A,No,'22-177'
8,ACCEPTED,7,OK,22-177,RFP,Group Insurance Benefits - Metro Vancouver,2023-08-04,iA Financial Group,N/A,No,'22-177'
8,ACCEPTED,7,OK,22-177,RFP,Group Insurance Benefits - Metro Vancouver,2023-08-04,Manulife Financial,N/A,No,'22-177'
8,ACCEPTED,7,OK,22-177,RFP,Group Insurance Benefits - Metro Vancouver,2023-08-04,Industrial Alliance Insurance & Financial Services Inc.,N/A,No,'22-177'
8,ACCEPTED,7,OK,22-177,RFP,Group Insurance Benefits - Metro Vancouver,2023-08-04,AIG Insurance Company of Canada,N/A,No,'22-177'
8,ACCEPTED,7,OK,22-177,RFP,Group Insurance Benefits - Metro Vancouver,2023-08-04,Sun Life Assurance Company of Canada,N/A,No,'22-177'
8,ACCEPTED,7,OK,23-280,SS/NOIC,ABB Energy Industry Care Agreement; Operational Efficiency,2023-08-04,ABB Inc.,"$ 1,497,330.00",Yes,'23-280'
8,ACCEPTED,7,OK,23-080,RFP,Grouse Mountain Regional Park Trailhead Improvements Construction,2023-08-10,Rust Investments Ltd.,"$ 804,996.81",Yes,'23-080'
8,ACCEPTED,7,OK,23-080,RFP,Grouse Mountain Regional Park Trailhead Improvements Construction,2023-08-10,New Rhodes Construction Inc.,N/A,No,'23-080'
8,ACCEPTED,7,OK,23-080,RFP,Grouse Mountain Regional Park Trailhead Improvements Construction,2023-08-10,GPM CIVIL CONTRACTING INC,N/A,No,'23-080'
8,ACCEPTED,7,OK,23-080,RFP,Grouse Mountain Regional Park Trailhead Improvements Construction,2023-08-10,Cedar Crest Lands (BC) Ltd.,N/A,No,'23-080'
8,ACCEPTED,7,OK,23-080,RFP,Grouse Mountain Regional Park Trailhead Improvements Construction,2023-08-10,Lafarge Canada Inc.,N/A,No,'23-080'
8,ACCEPTED,7,OK,23-036,RFP,Engineering Consulting Services for Little River Loop Boardwalk Replacement,2023-08-11,Parsons Inc.,"$ 248,978.00",Yes,'23-036'
8,ACCEPTED,7,OK,23-036,RFP,Engineering Consulting Services for Little River Loop Boardwalk Replacement,2023-08-11,RAM Engineering Ltd.,N/A,No,'23-036'
8,ACCEPTED,7,OK,23-036,RFP,Engineering Consulting Services for Little River Loop Boardwalk Replacement,2023-08-11,Dillon Consulting Limited,N/A,No,'23-036'
8,ACCEPTED,7,OK,23-036,RFP,Engineering Consulting Services for Little River Loop Boardwalk Replacement,2023-08-11,R.F. Binnie & Associates Ltd.,N/A,No,'23-036'
8,ACCEPTED,7,OK,23-036,RFP,Engineering Consulting Services for Little River Loop Boardwalk Replacement,2023-08-11,ISL Engineering & Land Services,N/A,No,'23-036'
8,ACCEPTED,7,OK,23-036,RFP,Engineering Consulting Services for Little River Loop Boardwalk Replacement,2023-08-11,Morrison Hershfield Limited,N/A,No,'23-036'
8,ACCEPTED,7,OK,23-242,RFP-MA,Capital Project Impact Mitigation Framework,2023-08-11,KPMG LLP,"$ 120,400.00",Yes,'23-242'
8,ACCEPTED,7,OK,23-071,ITT,Construction for North Shore Recycling Depot Improvement,2023-08-14,Lafarge Canada Inc.,"$ 347,540.00",Yes,'23-071'
8,ACCEPTED,7,OK,23-071,ITT,Construction for North Shore Recycling Depot Improvement,2023-08-14,Action Holdings Ltd. O/A Custom Blacktop Co,N/A,No,'23-071'
8,ACCEPTED,7,OK,23-141,RFP,Professional Engineering Services for Stoney Creek Trunk Sewer Upgrade,2023-08-21,AECOM Canada Ltd.,"$ 934,945.00",Yes,'23-141'
8,ACCEPTED,7,OK,23-141,RFP,Professional Engineering Services for Stoney Creek Trunk Sewer Upgrade,2023-08-21,GHD Limited,N/A,No,'23-141'
8,ACCEPTED,7,OK,23-141,RFP,Professional Engineering Services for Stoney Creek Trunk Sewer Upgrade,2023-08-21,Parsons Inc.,N/A,No,'23-141'
8,ACCEPTED,7,OK,23-141,RFP,Professional Engineering Services for Stoney Creek Trunk Sewer Upgrade,2023-08-21,WSP Canada Inc.,N/A,No,'23-141'
8,ACCEPTED,7,OK,23-141,RFP,Professional Engineering Services for Stoney Creek Trunk Sewer Upgrade,2023-08-21,Associated Engineering (B.C.) Ltd.,N/A,No,'23-141'
9,ACCEPTED,7,OK,23-141,RFP,Professional Engineering Services for Stoney Creek Trunk Sewer Upgrade,2023-08-21,Jacobs Consultancy Canada Inc.,N/A,No,'23-141'
9,ACCEPTED,7,OK,23-141,RFP,Professional Engineering Services for Stoney Creek Trunk Sewer Upgrade,2023-08-21,ISL Engineering & Land Services,N/A,No,'23-141'
9,ACCEPTED,7,OK,23-173,RFP,Fraser River Acoustic Doppler Current Profiler Study,2023-08-24,ASL Environmental Sciences Inc.,"$ 76,466.00",Yes,'23-173'
9,ACCEPTED,7,OK,23-173,RFP,Fraser River Acoustic Doppler Current Profiler Study,2023-08-24,WSP Canada Inc.,N/A,No,'23-173'
9,ACCEPTED,7,OK,23-173,RFP,Fraser River Acoustic Doppler Current Profiler Study,2023-08-24,Northwest Hydraulic Consultants Ltd.,N/A,No,'23-173'
9,ACCEPTED,7,OK,23-322,SS/NOIC,Diving and ROV Services - Palisade Lake,2023-08-28,ASI Group Ltd.,"$ 144,782.00",Yes,'23-322'
9,ACCEPTED,7,OK,23-294,SS/NOIC,Major Project Insurance Advisory Services,2023-08-31,In Tech Risk Management Inc.,"$ 450,000.00",Yes,'23-294'
9,ACCEPTED,7,OK,23-343,SS/NOIC,Coquitlam Lake Watershed - Phase 1 Archaeology Study,2023-08-31,BROWN AND OAKES ARCHAEOLOGY,"$ 158,690.00",Yes,'23-343'
9,ACCEPTED,7,OK,23-012,ITT,Construction Services for Heather Place B,2023-09-01,Peak Construction Ltd.,"$ 41,956,449.00",Yes,'23-012'
9,ACCEPTED,7,OK,23-012,ITT,Construction Services for Heather Place B,2023-09-01,Heatherbrae Builders Co. Ltd,N/A,No,'23-012'
9,ACCEPTED,7,OK,23-136,RFP,Waste-to-Energy Condition Assessment,2023-09-01,HDR Corporation,"$ 305,284.00",Yes,'23-136'
9,ACCEPTED,7,OK,23-136,RFP,Waste-to-Energy Condition Assessment,2023-09-01,CWA Engineers Inc.,N/A,No,'23-136'
9,ACCEPTED,7,OK,23-136,RFP,Waste-to-Energy Condition Assessment,2023-09-01,Asset Performance Partners Inc,N/A,No,'23-136'
9,ACCEPTED,7,OK,23-189,RFP,Natural Asset Management for Metro Vancouver,2023-09-01,Green Analytics,"$ 171,482.00",Yes,'23-189'
9,ACCEPTED,7,OK,23-189,RFP,Natural Asset Management for Metro Vancouver,2023-09-01,KPMG LLP,N/A,No,'23-189'
9,ACCEPTED,7,OK,23-189,RFP,Natural Asset Management for Metro Vancouver,2023-09-01,McElhanney Ltd.,N/A,No,'23-189'
9,ACCEPTED,7,OK,23-189,RFP,Natural Asset Management for Metro Vancouver,2023-09-01,ESSA Technologies Ltd.,N/A,No,'23-189'
9,ACCEPTED,7,OK,23-189,RFP,Natural Asset Management for Metro Vancouver,2023-09-01,AECOM Canada Ltd.,N/A,No,'23-189'
9,ACCEPTED,7,OK,23-189,RFP,Natural Asset Management for Metro Vancouver,2023-09-01,Earth Economics,N/A,No,'23-189'
9,ACCEPTED,7,OK,23-189,RFP,Natural Asset Management for Metro Vancouver,2023-09-01,GHD Limited,N/A,No,'23-189'
9,ACCEPTED,7,OK,23-189,RFP,Natural Asset Management for Metro Vancouver,2023-09-01,O2 Planning + Design,N/A,No,'23-189'
9,ACCEPTED,7,OK,23-339,SS/NOIC,Archaeological Impact Assessment for the Condition Assessment of Seymour Main No.3 & SCFP Drain Pipeline on Riverside Drive,2023-09-01,ISL Engineering and Land Services Ltd.,"$ 87,305.00",Yes,'23-339'
9,ACCEPTED,7,OK,23-135,RFP,Maintenance Dredging for Northwest Langley WWTP,2023-09-06,Fraser River Pile & Dredge (GP) Inc.,"$ 385,000.00",Yes,'23-135'
9,ACCEPTED,7,OK,23-135,RFP,Maintenance Dredging for Northwest Langley WWTP,2023-09-06,JJM Construction Ltd.,N/A,No,'23-135'
9,ACCEPTED,7,OK,23-167,ITT,Construction Services for Replacement of Mystery Creek Bridge,2023-09-06,Klondike Infrastructure Ltd.,"$ 284,050.00",Yes,'23-167'
9,ACCEPTED,7,OK,23-167,ITT,Construction Services for Replacement of Mystery Creek Bridge,2023-09-06,Surespan Construction Ltd.,N/A,No,'23-167'
9,ACCEPTED,7,OK,23-167,ITT,Construction Services for Replacement of Mystery Creek Bridge,2023-09-06,North Construction Ltd,N/A,No,'23-167'
9,ACCEPTED,7,OK,23-167,ITT,Construction Services for Replacement of Mystery Creek Bridge,2023-09-06,Triex Contracting Ltd.,N/A,No,'23-167'
9,ACCEPTED,7,OK,23-239,RFP,Consulting Services For Operationalization Of Water Quality Models Using MIKE OPERATIONS,2023-09-06,"Danish Hydraulic Institute Research Ltd. (DHI Water and Environment, Inc.)","$ 102,520.00",Yes,'23-239'
9,ACCEPTED,7,OK,23-118,RFP,Biota Monitoring Program for Burrard Inlet and Iona Waste Water Treatment Plant,2023-09-08,Ecofish Research Ltd.,"$ 793,388.27",Yes,'23-118'
9,ACCEPTED,7,OK,22-401,ITT,Construction of Glenbrook Combined Sewer Overflow (CSO) Gate Replacement Project,2023-09-11,"NorLand Limited, BEL Contracting, A Division of BelPacific Excavating & Shoring LP","$ 3,536,755.00",Yes,'22-401'
9,ACCEPTED,7,OK,22-401,ITT,Construction of Glenbrook Combined Sewer Overflow (CSO) Gate Replacement Project,2023-09-11,Clearway Construction Inc.,N/A,No,'22-401'
9,ACCEPTED,7,OK,23-104,RFP,Le Chateau Place and Crown Manor – Primary Consulting Services for Deep Energy Retrofit,2023-09-13,EXP Services Inc.,"$ 176,200.00",Yes,'23-104'
9,ACCEPTED,7,OK,23-104,RFP,Le Chateau Place and Crown Manor – Primary Consulting Services for Deep Energy Retrofit,2023-09-13,Morrison Hershfield,"$ 241,337.00",Yes,'23-104'
9,ACCEPTED,7,OK,23-104,RFP,Le Chateau Place and Crown Manor – Primary Consulting Services for Deep Energy Retrofit,2023-09-13,Entuitive,N/A,No,'23-104'
9,ACCEPTED,7,OK,23-104,RFP,Le Chateau Place and Crown Manor – Primary Consulting Services for Deep Energy Retrofit,2023-09-13,Williams Engineering Canada,N/A,No,'23-104'
9,ACCEPTED,7,OK,23-104,RFP,Le Chateau Place and Crown Manor – Primary Consulting Services for Deep Energy Retrofit,2023-09-13,Evoke Buildings Engineering Inc.,N/A,No,'23-104'
9,ACCEPTED,7,OK,23-104,RFP,Le Chateau Place and Crown Manor – Primary Consulting Services for Deep Energy Retrofit,2023-09-13,Read Jones Christoffersen Ltd.,N/A,No,'23-104'
9,ACCEPTED,7,OK,23-104,RFP,Le Chateau Place and Crown Manor – Primary Consulting Services for Deep Energy Retrofit,2023-09-13,LDR Engineering Group,N/A,No,'23-104'
9,ACCEPTED,7,OK,23-104,RFP,Le Chateau Place and Crown Manor – Primary Consulting Services for Deep Energy Retrofit,2023-09-13,IRC Building Sciences,N/A,No,'23-104'
9,ACCEPTED,7,OK,23-359,SS/NOIC,Emergency Repairs at the Ashcroft Ranch,2023-09-13,THE BLUE GOOSE CATTLE COMPANY,"$ 110,362.00",Yes,'23-359'
9,ACCEPTED,7,OK,23-203,RFP,Aerial Crossings Condition Assessment,2023-09-15,Acuren Group Inc.,"$ 134,700.00",Yes,'23-203'
9,ACCEPTED,7,OK,23-203,RFP,Aerial Crossings Condition Assessment,2023-09-15,RAM Engineering Ltd.,N/A,No,'23-203'
9,ACCEPTED,7,OK,23-203,RFP,Aerial Crossings Condition Assessment,2023-09-15,GHD Limited,N/A,No,'23-203'
10,ACCEPTED,7,OK,23-363,RFP,"Kent Pump Station - Options Analysis, E-House Relocation, and Main Transformer and MCC Replacement",2023-09-18,Tetra Tech Canada Inc.,"$ 190,016.00",Yes,'23-363'
10,ACCEPTED,7,OK,22-367,RFP,Supply and Delivery of Turf Equipment,2023-09-19,Avenue Machinery Corporation,"$ 1,319,000.00",Yes,'22-367'
10,ACCEPTED,7,OK,22-367,RFP,Supply and Delivery of Turf Equipment,2023-09-19,FRASER VALLEY EQUIPMENT LTD,,Yes,'22-367'
10,ACCEPTED,7,OK,22-367,RFP,Supply and Delivery of Turf Equipment,2023-09-19,Prairie Coast Equipment Inc.,,Yes,'22-367'
10,ACCEPTED,7,OK,23-364,RFP,Consulting Engineering Services for AWH HVAC project - Rooftop Unit Upgrade,2023-09-19,Associated Engineering (B.C.) Ltd,"$ 200,249.00",Yes,'23-364'
10,ACCEPTED,7,OK,23-081,RFP,Video Inspection of Sanitary Sewers and Maintenance Holes,2023-09-20,AquaCoustic Remote Technologies Inc.,"$ 175,772.50",Yes,'23-081'
10,ACCEPTED,7,OK,23-081,RFP,Video Inspection of Sanitary Sewers and Maintenance Holes,2023-09-20,Dougness Holdings Ltd,N/A,No,'23-081'
10,ACCEPTED,7,OK,23-081,RFP,Video Inspection of Sanitary Sewers and Maintenance Holes,2023-09-20,A&A Testing Ltd,N/A,No,'23-081'
10,ACCEPTED,7,OK,23-121,RFP,Technical Services for North Shore Wastewater Treatment Plant Project,2023-09-21,Stantec Consulting Ltd.,"$ 10,209,514.50",Yes,'23-121'
10,ACCEPTED,7,OK,23-121,RFP,Technical Services for North Shore Wastewater Treatment Plant Project,2023-09-21,Just Concrete Coring,N/A,No,'23-121'
10,ACCEPTED,7,OK,23-121,RFP,Technical Services for North Shore Wastewater Treatment Plant Project,2023-09-21,RAM Engineering Ltd.,N/A,No,'23-121'
10,ACCEPTED,7,OK,23-121,RFP,Technical Services for North Shore Wastewater Treatment Plant Project,2023-09-21,WSP Canada Inc.,N/A,No,'23-121'
10,ACCEPTED,7,OK,23-121,RFP,Technical Services for North Shore Wastewater Treatment Plant Project,2023-09-21,CDM Smith Canada ULC,N/A,No,'23-121'
10,ACCEPTED,7,OK,23-357,SS/NOIC,Engineering Consulting and Construction Management Services relate to the Integrated Heating and Cooling System for Manor House Project,2023-09-21,RDH BUILDING SCIENCE INC.,"$ 107,000.00",Yes,'23-357'
10,ACCEPTED,7,OK,23-357,SS/NOIC,Engineering Consulting and Construction Management Services relate to the Integrated Heating and Cooling System for Manor House Project,2023-09-21,Fortis BC,N/A,No,'23-357'
10,ACCEPTED,7,OK,23-137,RFP,Assessment of Drinking Water Conservation Potential,2023-09-26,Carollo Engineers Canada Ltd.,"$ 237,360.00",Yes,'23-137'
10,ACCEPTED,7,OK,23-137,RFP,Assessment of Drinking Water Conservation Potential,2023-09-26,Jacobs Consultancy Canada Inc.,N/A,No,'23-137'
10,ACCEPTED,7,OK,23-137,RFP,Assessment of Drinking Water Conservation Potential,2023-09-26,Water Street Engineering Ltd,N/A,No,'23-137'
10,ACCEPTED,7,OK,23-137,RFP,Assessment of Drinking Water Conservation Potential,2023-09-26,GHD Limited,N/A,No,'23-137'
10,ACCEPTED,7,OK,23-137,RFP,Assessment of Drinking Water Conservation Potential,2023-09-26,Kerr Wood Leidal Associates Limited,N/A,No,'23-137'
10,ACCEPTED,7,OK,23-245,RFP,Stormwater and Wastewater Indicators Environment Quality Study,2023-09-26,Kerr Wood Leidal Associates Ltd. (KWL),"$ 99,758.00",Yes,'23-245'
10,ACCEPTED,7,OK,23-244,RFP,Annacis Island Wastewater Treatment Plant Settling Velocity Study,2023-09-27,Northwest Hydraulic Consultants Ltd.,"$ 99,043.00",Yes,'23-244'
10,ACCEPTED,7,OK,23-176,RFP,Supply and Delivery of Calcium Nitrate Solution,2023-09-29,BioMaxx WasteWater Solutions (NL) Inc.,"$ 190,320.00",Yes,'23-176'
10,ACCEPTED,7,OK,23-176,RFP,Supply and Delivery of Calcium Nitrate Solution,2023-09-29,ClearTech Industries,N/A,No,'23-176'
10,ACCEPTED,7,OK,23-176,RFP,Supply and Delivery of Calcium Nitrate Solution,2023-09-29,TerraLink Horticulture Inc.,N/A,No,'23-176'
10,ACCEPTED,7,OK,22-450,RFP,Supply and delivery of Knife Gate Valves for Harbour Pump Station,2023-10-04,Summit Valve & Controls,"$ 171,745.00",Yes,'22-450'
10,ACCEPTED,7,OK,22-450,RFP,Supply and delivery of Knife Gate Valves for Harbour Pump Station,2023-10-04,Spartan Controls Ltd.,N/A,No,'22-450'
10,ACCEPTED,7,OK,22-450,RFP,Supply and delivery of Knife Gate Valves for Harbour Pump Station,2023-10-04,Flocor Inc,N/A,No,'22-450'
10,ACCEPTED,7,OK,22-450,RFP,Supply and delivery of Knife Gate Valves for Harbour Pump Station,2023-10-04,CG Industrial Specialties Ltd,N/A,No,'22-450'
10,ACCEPTED,7,OK,23-392,SS/NOIC,Construction Management Services for Manor House Deep Energy Retrofit,2023-10-04,RDH BUILDING SCIENCE INC.,"$ 424,700.00",Yes,'23-392'
10,ACCEPTED,7,OK,23-007,RFP-MA,Consulting Engineering Services for Reservoir Condition Assessments,2023-10-05,Stantec Consulting Ltd.,"$ 2,400,000.00",Yes,'23-007'
10,ACCEPTED,7,OK,23-007,RFP-MA,Consulting Engineering Services for Reservoir Condition Assessments,2023-10-05,Ausenco Engineering Canada Inc.,,Yes,'23-007'
10,ACCEPTED,7,OK,23-007,RFP-MA,Consulting Engineering Services for Reservoir Condition Assessments,2023-10-05,WSP Canada Inc.,,Yes,'23-007'
10,ACCEPTED,7,OK,23-007,RFP-MA,Consulting Engineering Services for Reservoir Condition Assessments,2023-10-05,Associated Engineering (B.C.) Ltd.,N/A,No,'23-007'
10,ACCEPTED,7,OK,23-182,RFP,Supply and Delivery of Computerized Data Acquisition Control (CDAC) Panels,2023-10-05,Arrow Speed Controls Ltd,"$ 683,138.38",Yes,'23-182'
10,ACCEPTED,7,OK,23-182,RFP,Supply and Delivery of Computerized Data Acquisition Control (CDAC) Panels,2023-10-05,VANGUARD POWER LTD,N/A,No,'23-182'
10,ACCEPTED,7,OK,23-182,RFP,Supply and Delivery of Computerized Data Acquisition Control (CDAC) Panels,2023-10-05,Western Integrated,N/A,No,'23-182'
10,ACCEPTED,7,OK,23-182,RFP,Supply and Delivery of Computerized Data Acquisition Control (CDAC) Panels,2023-10-05,enCompass Electrical Solutions,N/A,No,'23-182'
10,ACCEPTED,7,OK,23-182,RFP,Supply and Delivery of Computerized Data Acquisition Control (CDAC) Panels,2023-10-05,J A Electric inc,N/A,No,'23-182'
10,ACCEPTED,7,OK,23-182,RFP,Supply and Delivery of Computerized Data Acquisition Control (CDAC) Panels,2023-10-05,Softac Systems Ltd,N/A,No,'23-182'
10,ACCEPTED,7,OK,22-178,ITT,Douglas Road Main No.2 - South Open Cut,2023-10-06,Sandpiper Contracting LLP,"$ 20,626,875.00",Yes,'22-178'
10,ACCEPTED,7,OK,22-178,ITT,Douglas Road Main No.2 - South Open Cut,2023-10-06,Michels Canada Co.,N/A,No,'22-178'
10,ACCEPTED,7,OK,22-178,ITT,Douglas Road Main No.2 - South Open Cut,2023-10-06,B&B Contracting (2012) Ltd.,N/A,No,'22-178'
10,ACCEPTED,7,OK,23-188,ITT,Re-Roofing at Pinewood Place,2023-10-06,Langley Roofing Co. Ltd.,"$ 526,932.00",Yes,'23-188'
10,ACCEPTED,7,OK,23-188,ITT,Re-Roofing at Pinewood Place,2023-10-06,Cambie Roofing Contractors Ltd.,N/A,No,'23-188'
10,ACCEPTED,7,OK,23-050,RFP,LIWWTP Effluent Heat Recovery and High Efficiency Boiler Project,2023-10-11,Associated Engineering (BC) Ltd,"$ 942,173.00",Yes,'23-050'
10,ACCEPTED,7,OK,23-050,RFP,LIWWTP Effluent Heat Recovery and High Efficiency Boiler Project,2023-10-11,Kerr Wood Leidal Associates Limited,N/A,No,'23-050'
10,ACCEPTED,7,OK,23-089,RFP,Sustainable Domestic Hot Water Tanks,2023-10-12,The AME Consulting Group Ltd,"$ 187,080.00",Yes,'23-089'
10,ACCEPTED,7,OK,21-307,RFP,Supply and Delivery of Coagulant Aid Polymer for SCFP,2023-10-16,SNF Canada Ltd.,"$ 4,319,000.00",Yes,'21-307'
10,ACCEPTED,7,OK,21-307,RFP,Supply and Delivery of Coagulant Aid Polymer for SCFP,2023-10-16,Solenis LLC,N/A,No,'21-307'
10,ACCEPTED,7,OK,21-307,RFP,Supply and Delivery of Coagulant Aid Polymer for SCFP,2023-10-16,Brenntag Canada Inc.,N/A,No,'21-307'
10,ACCEPTED,7,OK,23-257,RFP,Consulting Engineering Services for Spanish Banks Pump Station Assessment & Conceptual Design Study,2023-10-16,MTS Engineering Inc.,"$ 228,637.00",Yes,'23-257'
10,ACCEPTED,7,OK,23-257,RFP,Consulting Engineering Services for Spanish Banks Pump Station Assessment & Conceptual Design Study,2023-10-16,CWA Engineers Inc.,N/A,No,'23-257'
11,ACCEPTED,7,OK,23-257,RFP,Consulting Engineering Services for Spanish Banks Pump Station Assessment & Conceptual Design Study,2023-10-16,Tetra Tech,N/A,No,'23-257'
11,ACCEPTED,7,OK,23-208,ITT,Central Area Office Roof Replacement,2023-10-19,Citadel Roofing and Building Maintenance,"$ 132,880.00",Yes,'23-208'
11,ACCEPTED,7,OK,23-208,ITT,Central Area Office Roof Replacement,2023-10-19,Bothwell,N/A,No,'23-208'
11,ACCEPTED,7,OK,23-208,ITT,Central Area Office Roof Replacement,2023-10-19,Mariner roofing,N/A,No,'23-208'
11,ACCEPTED,7,OK,23-208,ITT,Central Area Office Roof Replacement,2023-10-19,Bollman Roofing,N/A,No,'23-208'
11,ACCEPTED,7,OK,23-208,ITT,Central Area Office Roof Replacement,2023-10-19,Olympic Roofing,N/A,No,'23-208'
11,ACCEPTED,7,OK,23-208,ITT,Central Area Office Roof Replacement,2023-10-19,Atlas Apex,N/A,No,'23-208'
11,ACCEPTED,7,OK,23-208,ITT,Central Area Office Roof Replacement,2023-10-19,Cascade Roofing,N/A,No,'23-208'
11,ACCEPTED,7,OK,23-208,ITT,Central Area Office Roof Replacement,2023-10-19,Transwest Roofing,N/A,No,'23-208'
11,ACCEPTED,7,OK,23-208,ITT,Central Area Office Roof Replacement,2023-10-19,Langley Roofing,N/A,No,'23-208'
11,ACCEPTED,7,OK,23-186,RFP,"Welding,Lining ,Quality Assurance - Douglas Road Main No.2 Still Creek Section Open Cut",2023-10-20,Stasuk Testing & Inspection Ltd.,"$ 351,490.00",Yes,'23-186'
11,ACCEPTED,7,OK,23-186,RFP,"Welding,Lining ,Quality Assurance - Douglas Road Main No.2 Still Creek Section Open Cut",2023-10-20,Access Welding & Coating Inspections Ltd,N/A,No,'23-186'
11,ACCEPTED,7,OK,23-186,RFP,"Welding,Lining ,Quality Assurance - Douglas Road Main No.2 Still Creek Section Open Cut",2023-10-20,Acuren Group Inc.,N/A,No,'23-186'
11,ACCEPTED,7,OK,22-142,SS/NOIC,Lefeuvre Pit Biosolid Management - Eagle Lake Group,2023-10-25,Sand & Gravel Transportation Ltd.,"$ 108,000.00",Yes,'22-142'
11,ACCEPTED,7,OK,23-054,RFP,Geotechnical and Environmental Consulting Services for Port Moody Main No. 3 Scott Creek Section Project,2023-10-25,Tetra Tech Canada Inc.,"$ 415,318.00",Yes,'23-054'
11,ACCEPTED,7,OK,23-054,RFP,Geotechnical and Environmental Consulting Services for Port Moody Main No. 3 Scott Creek Section Project,2023-10-25,EXP Services Inc.,N/A,No,'23-054'
11,ACCEPTED,7,OK,23-054,RFP,Geotechnical and Environmental Consulting Services for Port Moody Main No. 3 Scott Creek Section Project,2023-10-25,Stantec Consulting Ltd.,N/A,No,'23-054'
11,ACCEPTED,7,OK,23-054,RFP,Geotechnical and Environmental Consulting Services for Port Moody Main No. 3 Scott Creek Section Project,2023-10-25,WSP Canada Inc.,N/A,No,'23-054'
11,ACCEPTED,7,OK,23-054,RFP,Geotechnical and Environmental Consulting Services for Port Moody Main No. 3 Scott Creek Section Project,2023-10-25,GHD Limited,N/A,No,'23-054'
11,ACCEPTED,7,OK,23-210,ITT,Construction of Clayton Interpretative Features,2023-10-27,Moza Home Construction Ltd,"$ 155,420.00",Yes,'23-210'
11,ACCEPTED,7,OK,23-210,ITT,Construction of Clayton Interpretative Features,2023-10-27,Pacificasa Marine Holdings Inc.,N/A,No,'23-210'
11,ACCEPTED,7,OK,23-210,ITT,Construction of Clayton Interpretative Features,2023-10-27,GPM Civil Contracting Inc.,N/A,No,'23-210'
11,ACCEPTED,7,OK,23-274,RFP,"Boilers and Process Heaters Equipment Scan, Cost and Policy Analysis",2023-10-30,"Ramboll Canada, Inc.","$ 83,000.00",Yes,'23-274'
11,ACCEPTED,7,OK,23-274,RFP,"Boilers and Process Heaters Equipment Scan, Cost and Policy Analysis",2023-10-30,PE TECH,N/A,No,'23-274'
11,ACCEPTED,7,OK,23-370,SS/NOIC,"Archaeological Impact Assessment for the Delta South Surrey Greenway, Nordel Way to 72nd Avenue",2023-10-30,ISL Engineering and Land Services Ltd,"$ 124,571.00",Yes,'23-370'
11,ACCEPTED,7,OK,23-196,ITT,Supply of Boat Shelters for Seymour and Capilano Watersheds,2023-10-31,EZ STEEL INC,"$ 93,740.00",Yes,'23-196'
11,ACCEPTED,7,OK,23-358,SS/NOIC,WTEF Bottom Ash Beneficial Use Pilot Trials,2023-11-01,GRT Environmental Services (Canada) Ltd.,"$ 373,625.00",Yes,'23-358'
11,ACCEPTED,7,OK,23-358,SS/NOIC,WTEF Bottom Ash Beneficial Use Pilot Trials,2023-11-01,Birco Environmental Services Ltd.,N/A,No,'23-358'
11,ACCEPTED,7,OK,23-006,RFP,Project Management Information System,2023-11-07,E-Builder (E-Builder),"$ 1,445,959.00",Yes,'23-006'
11,ACCEPTED,7,OK,23-006,RFP,Project Management Information System,2023-11-07,KPMG (Kahua),N/A,No,'23-006'
11,ACCEPTED,7,OK,23-006,RFP,Project Management Information System,2023-11-07,Aurigo (MasterWorks),N/A,No,'23-006'
11,ACCEPTED,7,OK,23-006,RFP,Project Management Information System,2023-11-07,Project Execution Group (PM Web),N/A,No,'23-006'
11,ACCEPTED,7,OK,23-006,RFP,Project Management Information System,2023-11-07,AEC Solutions (BuilTerra),N/A,No,'23-006'
11,ACCEPTED,7,OK,23-006,RFP,Project Management Information System,2023-11-07,Procore (Procore),N/A,No,'23-006'
11,ACCEPTED,7,OK,23-276,RFP,Seismic Impact Assessment and Earthquake Early Warning (EEW) Automation Implementation Study,2023-11-09,Various Inc.,"$ 104,196.00",Yes,'23-276'
11,ACCEPTED,7,OK,23-276,RFP,Seismic Impact Assessment and Earthquake Early Warning (EEW) Automation Implementation Study,2023-11-09,Ausenco Engineering Canada Inc.,N/A,No,'23-276'
11,ACCEPTED,7,OK,23-276,RFP,Seismic Impact Assessment and Earthquake Early Warning (EEW) Automation Implementation Study,2023-11-09,Mahan Geophysical Consulting Inc.,N/A,No,'23-276'
11,ACCEPTED,7,OK,23-095,SS/NOIC,New Westminster Interceptor Columbia Rehabilitation – KOB Paving Works,2023-11-14,Blue Pine Enterprises Ltd.,"$ 117,705.00",Yes,'23-095'
11,ACCEPTED,7,OK,23-265,RFP,Aggregate Production in Capilano Water Supply Area - Clyde's Pit,2023-11-14,BC Earth Exchange Inc.,"$ 244,500.00",Yes,'23-265'
11,ACCEPTED,7,OK,23-265,RFP,Aggregate Production in Capilano Water Supply Area - Clyde's Pit,2023-11-14,United Civil,N/A,No,'23-265'
11,ACCEPTED,7,OK,23-003,RFP,Solution to Manage Backup and Recovery of On-Premise and Cloud Servers and Systems,2023-11-17,Softchoice LP,"$ 1,041,751.00",Yes,'23-003'
11,ACCEPTED,7,OK,23-003,RFP,Solution to Manage Backup and Recovery of On-Premise and Cloud Servers and Systems,2023-11-17,CDW Canada Corp,N/A,No,'23-003'
12,ACCEPTED,7,OK,23-003,RFP,Solution to Manage Backup and Recovery of On-Premise and Cloud Servers and Systems,2023-11-17,Reliant Technologies Solutions Group Inc,N/A,No,'23-003'
12,ACCEPTED,7,OK,23-003,RFP,Solution to Manage Backup and Recovery of On-Premise and Cloud Servers and Systems,2023-11-17,Teknicor Corporation,N/A,No,'23-003'
12,ACCEPTED,7,OK,23-003,RFP,Solution to Manage Backup and Recovery of On-Premise and Cloud Servers and Systems,2023-11-17,GlassHouse Systems Inc.,N/A,No,'23-003'
12,ACCEPTED,7,OK,23-347,RFP,Development of an Industrial Emissions Inventory for the Metro Vancouver and Fraser Valley Regions,2023-11-17,Montrose Environmental Group,"$ 156,185.00",Yes,'23-347'
12,ACCEPTED,7,OK,23-347,RFP,Development of an Industrial Emissions Inventory for the Metro Vancouver and Fraser Valley Regions,2023-11-17,GHG Accounting Services Ltd.,N/A,No,'23-347'
12,ACCEPTED,7,OK,23-347,RFP,Development of an Industrial Emissions Inventory for the Metro Vancouver and Fraser Valley Regions,2023-11-17,AECOM Canada Ltd.,N/A,No,'23-347'
12,ACCEPTED,7,OK,23-347,RFP,Development of an Industrial Emissions Inventory for the Metro Vancouver and Fraser Valley Regions,2023-11-17,RWDI AIR Inc,N/A,No,'23-347'
12,ACCEPTED,7,OK,23-347,RFP,Development of an Industrial Emissions Inventory for the Metro Vancouver and Fraser Valley Regions,2023-11-17,Ramboll Canada Inc,N/A,No,'23-347'
12,ACCEPTED,7,OK,23-347,RFP,Development of an Industrial Emissions Inventory for the Metro Vancouver and Fraser Valley Regions,2023-11-17,Ainsworth Inc,N/A,No,'23-347'
12,ACCEPTED,7,OK,23-113,RFP,"Design Consultant for Balcony, Windows and Cladding Rehabilitation",2023-11-21,Entuitive Corporation,"$ 393,116.30",Yes,'23-113'
12,ACCEPTED,7,OK,23-113,RFP,"Design Consultant for Balcony, Windows and Cladding Rehabilitation",2023-11-21,McCuaig & Associates Engineering Ltd,N/A,No,'23-113'
12,ACCEPTED,7,OK,23-113,RFP,"Design Consultant for Balcony, Windows and Cladding Rehabilitation",2023-11-21,Read Jones Christoffersen Ltd,N/A,No,'23-113'
12,ACCEPTED,7,OK,23-113,RFP,"Design Consultant for Balcony, Windows and Cladding Rehabilitation",2023-11-21,Absolute Building Science Strata Engineering Inc,N/A,No,'23-113'
12,ACCEPTED,7,OK,23-113,RFP,"Design Consultant for Balcony, Windows and Cladding Rehabilitation",2023-11-21,Evoke Building Engineering Inc,N/A,No,'23-113'
12,ACCEPTED,7,OK,23-113,RFP,"Design Consultant for Balcony, Windows and Cladding Rehabilitation",2023-11-21,EXP Services Inc,N/A,No,'23-113'
12,ACCEPTED,7,OK,23-113,RFP,"Design Consultant for Balcony, Windows and Cladding Rehabilitation",2023-11-21,IRC Building Sciences Group Inc.,N/A,No,'23-113'
12,ACCEPTED,7,OK,23-113,RFP,"Design Consultant for Balcony, Windows and Cladding Rehabilitation",2023-11-21,LDR Engineering Group,N/A,No,'23-113'
12,ACCEPTED,7,OK,23-113,RFP,"Design Consultant for Balcony, Windows and Cladding Rehabilitation",2023-11-21,Stephenson Engineering Group,N/A,No,'23-113'
12,ACCEPTED,7,OK,23-113,RFP,"Design Consultant for Balcony, Windows and Cladding Rehabilitation",2023-11-21,WSP Canada Inc.,N/A,No,'23-113'
12,ACCEPTED,7,OK,22-514,RFP,Coquitlam Lake Water Supply Project - Project Definition Phase 2-Geotechnical Investigation,2023-11-28,WSP Canada Inc.,"$ 9,260,144.00",Yes,'22-514'
12,ACCEPTED,7,OK,22-514,RFP,Coquitlam Lake Water Supply Project - Project Definition Phase 2-Geotechnical Investigation,2023-11-28,Tetra Tech,N/A,No,'22-514'
12,ACCEPTED,7,OK,22-514,RFP,Coquitlam Lake Water Supply Project - Project Definition Phase 2-Geotechnical Investigation,2023-11-28,Stantec,N/A,No,'22-514'
12,ACCEPTED,7,OK,23-427,CSA,Microsoft Enterprise Agreement,2023-11-29,Microsoft Canada Inc.,"$ 10,800,000.00",Yes,'23-427'
12,ACCEPTED,7,OK,22-365,RFQ,Fleet Outfitting Services,2023-12-07,AVO Vehicle Outfitting,"$ 1,320,000.00",Yes,'22-365'
12,ACCEPTED,7,OK,22-365,RFQ,Fleet Outfitting Services,2023-12-07,Hilite Truck,,Yes,'22-365'
12,ACCEPTED,7,OK,22-365,RFQ,Fleet Outfitting Services,2023-12-07,Sterling Fleet Outfitters,,Yes,'22-365'
12,ACCEPTED,7,OK,23-400,SS/NOIC,Survey Asset Replacement Plan,2023-12-07,SPATIAL TECHNOLOGIES (2017) INC,"$ 300,000.00",Yes,'23-400'
12,ACCEPTED,7,OK,23-329,ITT,Contractor for MUA Replacement at Claude Douglas,2023-12-08,Vasto Builders Inc,"$ 238,800.00",Yes,'23-329'
12,ACCEPTED,7,OK,23-329,ITT,Contractor for MUA Replacement at Claude Douglas,2023-12-08,Enduro Construction Ltd.,N/A,No,'23-329'
12,ACCEPTED,7,OK,23-329,ITT,Contractor for MUA Replacement at Claude Douglas,2023-12-08,Ram Mechanical Ltd.,N/A,No,'23-329'
12,ACCEPTED,7,OK,23-329,ITT,Contractor for MUA Replacement at Claude Douglas,2023-12-08,Ainsworth,N/A,No,'23-329'
12,ACCEPTED,7,OK,23-329,ITT,Contractor for MUA Replacement at Claude Douglas,2023-12-08,Entity Mechanical Ltd.,N/A,No,'23-329'
12,ACCEPTED,7,OK,23-356,RFP,Supply and Installation of Inductively Coupled Plasma (ICP) Emission Spectrometer System,2023-12-21,"Agilent Technologies Canada, Inc.","$ 113,612.90",Yes,'23-356'
12,ACCEPTED,7,OK,23-020,RFP,Inspection Program for Sewer Outfalls,2023-12-22,ASI Group Ltd. dba ASI Marine,"$ 168,040.00",Yes,'23-020'
12,ACCEPTED,7,OK,23-020,RFP,Inspection Program for Sewer Outfalls,2023-12-22,AquaCoustic Remote Technologies,N/A,No,'23-020'
12,ACCEPTED,7,OK,23-345,RFP,10-year Salmon Enhancement Action Plan,2023-12-22,Kerr Wood Leidal Associates Limited,"$ 140,800.00",Yes,'23-345'
12,ACCEPTED,7,OK,23-345,RFP,10-year Salmon Enhancement Action Plan,2023-12-22,Raincoast Conservation Foundation,N/A,No,'23-345'
12,ACCEPTED,7,OK,23-345,RFP,10-year Salmon Enhancement Action Plan,2023-12-22,Dynamic Ocean Consulting Limited,N/A,No,'23-345'
12,ACCEPTED,7,OK,23-345,RFP,10-year Salmon Enhancement Action Plan,2023-12-22,Zoetica Wildlife Research Services Limited,N/A,No,'23-345'
12,ACCEPTED,7,OK,23-345,RFP,10-year Salmon Enhancement Action Plan,2023-12-22,Essa Technologies Limited,N/A,No,'23-345'
12,ACCEPTED,7,OK,23-345,RFP,10-year Salmon Enhancement Action Plan,2023-12-22,Ausenco Engineering Canada Incorporated,N/A,No,'23-345'
