competition_number,competition_type,competition_description,awarded_date,vendor_name,awarded_amount,is_awarded
23-342,ITT,Dorman Point Trail Improvements,2-Jan-24,Rare Earth Recreational Developments Inc.,"$194,640",Yes
23-342,ITT,Dorman Point Trail Improvements,2-Jan-24,Skylark Management Corp.,NA,No
23-342,ITT,Dorman Point Trail Improvements,2-Jan-24,Park Solutions Inc.,NA,No
24-008,RFP-MA,Dechlorination for Reservoir Underdrain,2-Jan-24,AECOM Canada Ltd.,"$229,958",Yes
23-085,RFP,South Surrey Supply Main Bridge Support Modifications,3-Jan-24,Acuren Group Inc.,"$979,231",Yes
23-085,RFP,South Surrey Supply Main Bridge Support Modifications,3-Jan-24,Seismic 2000 Construction Ltd.,NA,No
23-369,SS/NOIC,"Enhanced Hydrodynamic Modelling, Scenario Analysis and Screening Level Risk Assessment Consulting",4-Jan-24,Tetra Tech Canada Inc.,"$510,979",Yes
23-260,ITT,Lulu Island WWTP C1 and C2 Piping Replacement Project,9-Jan-24,Tritech Group Ltd.,"$766,834",Yes
23-004,ITT,Supply and Installation of Glenbrook Combined Trunk Sewer Replacement – Kingsway Section,10-Jan-24,NorLand Ltd.,"$4,021,642",Yes
23-004,ITT,Supply and Installation of Glenbrook Combined Trunk Sewer Replacement – Kingsway Section,10-Jan-24,Jacob Bros. Construction Inc.,NA,No
23-004,ITT,Supply and Installation of Glenbrook Combined Trunk Sewer Replacement – Kingsway Section,10-Jan-24,Sandpiper Contracting LLP,NA,No
23-287,RFP,Coquitlam Landfill Flare Station Design Services,17-Jan-24,Comcor Environmental Ltd.,"$353,868",Yes
23-287,RFP,Coquitlam Landfill Flare Station Design Services,17-Jan-24,GHD Ltd.,NA,No
23-287,RFP,Coquitlam Landfill Flare Station Design Services,17-Jan-24,Sperling Hansen Associates,NA,No
23-289,ITT,Supply & Delivery of Ductile Iron Pipe for Central Park Main No. 2 – Phase 4 – 10th Avenue to Westburnco Project,17-Jan-24,Iconix Waterworks LP,"$403,920",Yes
23-289,ITT,Supply & Delivery of Ductile Iron Pipe for Central Park Main No. 2 – Phase 4 – 10th Avenue to Westburnco Project,17-Jan-24,Flocor Inc.,NA,No
23-289,ITT,Supply & Delivery of Ductile Iron Pipe for Central Park Main No. 2 – Phase 4 – 10th Avenue to Westburnco Project,17-Jan-24,EMCO Water Works,NA,No
23-289,ITT,Supply & Delivery of Ductile Iron Pipe for Central Park Main No. 2 – Phase 4 – 10th Avenue to Westburnco Project,17-Jan-24,Andrew Sheret Ltd.,NA,No
24-025,SS/NOIC,Abatement of Hazardous Materials at Cleveland Dam,19-Jan-24,Nucor Environmental Solutions Ltd.,"$391,365",Yes
24-030,ITT,Manor House - Deep Energy Retrofit Aluminum Guardrails,26-Jan-24,A.R.M.S. Manufacturing Ltd.,"$81,816",Yes
24-031,ITT,Manor House - Deep Energy Retrofit Windows and Doors,26-Jan-24,Centra Construction Group Ltd.,"$341,185",Yes
24-033,ITT,Manor House - Deep Energy Retrofit Interior Finishes,26-Jan-24,J.J.K Developments Inc.,"$195,000",Yes
24-034,ITT,Manor House - Deep Energy Retrofit Exterior Walls,26-Jan-24,Master Stucco Ltd.,"$769,980",Yes
24-035,ITT,Manor House - Deep Energy Retrofit Rough Carpentry,26-Jan-24,PR Pomeroy Restoration & Construction Ltd.,"$308,513",Yes
24-037,ITT,Manor House - Deep Energy Retrofit Roofing & PMMA,26-Jan-24,Renewal Constructions Inc.,"$977,100",Yes
24-038,ITT,Manor House - Deep Energy Retrofit Scaffolding,26-Jan-24,Scaffold Depot Ltd.,"$229,794",Yes
24-039,ITT,Manor House - Deep Energy Mechanical & Electrical,26-Jan-24,Slopeside Mechanical Systems Ltd.,"$3,517,569",Yes
24-040,ITT,Manor House - Deep Energy Demolition & Asbestos Abatement,26-Jan-24,West York Developments Ltd.,"$170,100",Yes
23-374,SS/NOIC,Constrution - AIWWTP Boiler Control and Monitoring Upgrade,2-Feb-24,Pacific Boiler Ltd.,"$140,636",Yes
23-229,SS/NOIC,Small Load Waste Alternative Fuel Processing Trial,7-Feb-24,Geocycle Canada Inc.,"$1,290,000",Yes
23-355,RFP,Supply & Installation of Scour Protection for Annacis Main No. 2,8-Feb-24,Fraser River Pile & Dredge (GP) Inc.,"$992,910",Yes
23-234,RFP,Supply and Delivery of MCC for the Royal Avenue Pump Station Rehabilitation Project,9-Feb-24,Stellar Power & Control Solutions,"$326,845",Yes
23-234,RFP,Supply and Delivery of MCC for the Royal Avenue Pump Station Rehabilitation Project,9-Feb-24,enCompass Solutions Group,NA,No
23-234,RFP,Supply and Delivery of MCC for the Royal Avenue Pump Station Rehabilitation Project,9-Feb-24,Western Integrated,NA,No
23-234,RFP,Supply and Delivery of MCC for the Royal Avenue Pump Station Rehabilitation Project,9-Feb-24,Raelkon Teams,NA,No
23-375,SS/NOIC,Disposal Services for Iona WWTP Legacy Grit,9-Feb-24,Wastech Services Inc.,"$1,005,000",Yes
23-372,RFP,Consulting Services for Studying the Pre-Feasibility of Hydrogen Production from Hydropower at Cleveland Dam,14-Feb-24,Arcadis Professional Services (Canada) Inc.,"$249,600",Yes
23-372,RFP,Consulting Services for Studying the Pre-Feasibility of Hydrogen Production from Hydropower at Cleveland Dam,14-Feb-24,ABL Energy and Marine Consultants Canada Ltd.,NA,No
23-372,RFP,Consulting Services for Studying the Pre-Feasibility of Hydrogen Production from Hydropower at Cleveland Dam,14-Feb-24,Deloitte LLP,NA,No
23-372,RFP,Consulting Services for Studying the Pre-Feasibility of Hydrogen Production from Hydropower at Cleveland Dam,14-Feb-24,Exergy Solutions,NA,No
23-372,RFP,Consulting Services for Studying the Pre-Feasibility of Hydrogen Production from Hydropower at Cleveland Dam,14-Feb-24,GHD Ltd.,NA,No
23-372,RFP,Consulting Services for Studying the Pre-Feasibility of Hydrogen Production from Hydropower at Cleveland Dam,14-Feb-24,ILF Consultant Inc.,NA,No
23-372,RFP,Consulting Services for Studying the Pre-Feasibility of Hydrogen Production from Hydropower at Cleveland Dam,14-Feb-24,Interlock Energy Ltd.,NA,No
23-372,RFP,Consulting Services for Studying the Pre-Feasibility of Hydrogen Production from Hydropower at Cleveland Dam,14-Feb-24,Ramboll Canada Inc.,NA,No
23-372,RFP,Consulting Services for Studying the Pre-Feasibility of Hydrogen Production from Hydropower at Cleveland Dam,14-Feb-24,RINA Tech Canada Ltd.,NA,No
23-372,RFP,Consulting Services for Studying the Pre-Feasibility of Hydrogen Production from Hydropower at Cleveland Dam,14-Feb-24,Sacre‐Davey Engineering,NA,No
23-372,RFP,Consulting Services for Studying the Pre-Feasibility of Hydrogen Production from Hydropower at Cleveland Dam,14-Feb-24,WSP Canada Inc.,NA,No
23-072,RFP,Cathodic Protection Maintenance Services,20-Feb-24,Corrosion Service Company Ltd.,"$903,000",Yes
23-072,RFP,Cathodic Protection Maintenance Services,20-Feb-24,Acuren Group Inc.,NA,No
23-072,RFP,Cathodic Protection Maintenance Services,20-Feb-24,Corrpora Canada Inc.,NA,No
23-072,RFP,Cathodic Protection Maintenance Services,20-Feb-24,Pure Technologies Ltd.,NA,No
23-300,RFP,Coquitlam Water Treatment Plant – Ozone Sidestream Injection ‐ Variable Frequency Drive (VFD) Replacement Project,20-Feb-24,T&T Power Group,"$320,598",Yes
23-300,RFP,Coquitlam Water Treatment Plant – Ozone Sidestream Injection ‐ Variable Frequency Drive (VFD) Replacement Project,20-Feb-24,Arrow Speed Controls Ltd.,NA,No
23-300,RFP,Coquitlam Water Treatment Plant – Ozone Sidestream Injection ‐ Variable Frequency Drive (VFD) Replacement Project,20-Feb-24,Stellar Power & Control Solutions,NA,No
23-300,RFP,Coquitlam Water Treatment Plant – Ozone Sidestream Injection ‐ Variable Frequency Drive (VFD) Replacement Project,20-Feb-24,enCompass Solutions Group,NA,No
23-300,RFP,Coquitlam Water Treatment Plant – Ozone Sidestream Injection ‐ Variable Frequency Drive (VFD) Replacement Project,20-Feb-24,Wesco Distribution,NA,No
23-300,RFP,Coquitlam Water Treatment Plant – Ozone Sidestream Injection ‐ Variable Frequency Drive (VFD) Replacement Project,20-Feb-24,HSL Automation Ltd.,NA,No
23-300,RFP,Coquitlam Water Treatment Plant – Ozone Sidestream Injection ‐ Variable Frequency Drive (VFD) Replacement Project,20-Feb-24,Celco Controls,NA,No
23-330,RFP,Consulting Engineering Services for Delta South Surrey Greenway Design Phase 3,20-Feb-24,R.F. Binnie & Associates Ltd.,"$349,680",Yes
23-330,RFP,Consulting Engineering Services for Delta South Surrey Greenway Design Phase 3,20-Feb-24,Aplin & Martin Consultants Ltd.,NA,No
23-330,RFP,Consulting Engineering Services for Delta South Surrey Greenway Design Phase 3,20-Feb-24,Hatch Ltd.,NA,No
23-330,RFP,Consulting Engineering Services for Delta South Surrey Greenway Design Phase 3,20-Feb-24,AECOM Canada Ltd.,NA,No
22-505,RFP,Construction - IIWWTP CEPT Winterization,21-Feb-24,Bennett Mechanical Installations (2001) Ltd.,"$3,449,700",Yes
22-505,RFP,Construction - IIWWTP CEPT Winterization,21-Feb-24,North America Construction (1993) Ltd.,NA,No
23-134,RFP,Solid Waste Compaction System at North Surrey Recycling and Waste Centre,21-Feb-24,"SSI Shredding Systems, Inc.","$3,315,123",Yes
24-068,SS/NOIC,Supply & Install of a 32” single line‐stop on existing steel Water main in South Burnaby,22-Feb-24,Pacific Flow Control Ltd.,"$154,185",Yes
23-241,RFP-MA,AIWWTP Sludge and Scum Area I/O Migration,25-Feb-24,BBA Engineering Ltd.,"$424,728",Yes
23-241,RFP-MA,AIWWTP Sludge and Scum Area I/O Migration,25-Feb-24,Wood Canada Ltd.,NA,No
23-241,RFP-MA,AIWWTP Sludge and Scum Area I/O Migration,25-Feb-24,Tetra Tech Canada Inc.,NA,No
23-241,RFP-MA,AIWWTP Sludge and Scum Area I/O Migration,25-Feb-24,Brown & Caldwell,NA,No
23-184,RFP,Iona WWTP Long-Term Lagoon Cleaning,11-Mar-24,American Process Group Ltd.,"$29,913,644",Yes
23-184,RFP,Iona WWTP Long-Term Lagoon Cleaning,11-Mar-24,GFL Environmental Services Inc.,NA,No
23-184,RFP,Iona WWTP Long-Term Lagoon Cleaning,11-Mar-24,Clean Harbors,NA,No
23-184,RFP,Iona WWTP Long-Term Lagoon Cleaning,11-Mar-24,Lambourne Environmental Ltd.,NA,No
23-184,RFP,Iona WWTP Long-Term Lagoon Cleaning,11-Mar-24,SECURE Energy,NA,No
24-095,SS/NOIC,Contingency Disposal Services for Biosolids,12-Mar-24,Wastech Services Inc.,"$193,000",Yes
24-066,RFP,Orthoimagery/LiDAR Acquisition Project,14-Mar-24,Aeroquest Mapcon Inc.,"$371,600",Yes
24-066,RFP,Orthoimagery/LiDAR Acquisition Project,14-Mar-24,Aero Geometrics Ltd.,NA,No
24-066,RFP,Orthoimagery/LiDAR Acquisition Project,14-Mar-24,Tetra Tech Canada Inc.,NA,No
23-214,RFP,Odour Monitoring and Assessment Services at Wastewater Treatment Plants,15-Mar-24,Kerr Wood Leidal Associates Ltd.,"$365,282",Yes
23-214,RFP,Odour Monitoring and Assessment Services at Wastewater Treatment Plants,15-Mar-24,GHD Ltd.,NA,No
23-214,RFP,Odour Monitoring and Assessment Services at Wastewater Treatment Plants,15-Mar-24,Envirochem Services Inc.,NA,No
23-214,RFP,Odour Monitoring and Assessment Services at Wastewater Treatment Plants,15-Mar-24,BioMaxx Waste Water Solutions (NL) Inc.,NA,No
23-214,RFP,Odour Monitoring and Assessment Services at Wastewater Treatment Plants,15-Mar-24,DAY Mottech Inc.,NA,No
23-214,RFP,Odour Monitoring and Assessment Services at Wastewater Treatment Plants,15-Mar-24,Triton Environmental Consultants,NA,No
23-425,RFP,Supply and Delivery of Electric Vehicle Kiosks,19-Mar-24,Code Electric Products Ltd.,"$199,173",Yes
23-425,RFP,Supply and Delivery of Electric Vehicle Kiosks,19-Mar-24,KJ Controls Ltd.,NA,No
23-425,RFP,Supply and Delivery of Electric Vehicle Kiosks,19-Mar-24,AC Dandy Products,NA,No
23-378,ITT,Royal Avenue Pump Station Rehabilitation,21-Mar-24,Kenaidan Contracting Ltd.,"$6,845,655",Yes
23-378,ITT,Royal Avenue Pump Station Rehabilitation,21-Mar-24,Graham Infrastructure LP,NA,No
23-378,ITT,Royal Avenue Pump Station Rehabilitation,21-Mar-24,North America Construction (1993) Ltd.,NA,No
24-125,SS/NOIC,Kingston Gardens Owner's Representative Services,22-Mar-24,RAM Engineering Ltd.,"$200,000",Yes
23-008,RFQ,Installation of Heat Tracing and Insulation at the Coquitlam Water Treatment Plant Ozone Sidestream Tower,26-Mar-24,J A Electric Inc.,"$311,550",Yes
23-314,SS/NOIC,NS4 - Surrey 168 St Connection Leak Repair,3-Apr-24,West Shore Constructors Ltd.,"$1,347,462",Yes
23-377,ITT,GOX Filters Upgrade at Coquitlam Water Treatment Plant (“CWTP”),4-Apr-24,Mitchell Installations Ltd.,"$246,032",Yes
23-011,SRFEOI,Biosolids Management at Multiple Forage Crop Site,5-Apr-24,SYLVIS Environmental Services Inc.,"$5,607,000",Yes
23-011,SRFEOI,Biosolids Management at Ingerbelle Composting Facility,5-Apr-24,Arrow Transportation Systems Inc.,"$29,768,000",Yes
23-156,RFP,Construction Management Services for the Installation of Central Park Main No.2 ‐ Phase 2A – Macpherson Avenue to Griffiths Avenue,5-Apr-24,RAM Engineering Ltd.,"$1,058,925",Yes
23-420,RFP,Consulting Engineering Services for Online Chlorine and pH Analyzer Kiosks,10-Apr-24,Tetra Tech Canada Inc.,"$307,908",Yes
23-319,RFP,Supply and Delivery of Large Wheel Loader,11-Apr-24,SMS Equipment Inc.,"$782,643",Yes
23-319,RFP,Supply and Delivery of Large Wheel Loader,11-Apr-24,Handlers Equipment Ltd.,NA,No
23-319,RFP,Supply and Delivery of Large Wheel Loader,11-Apr-24,Liebherr- Canada Ltd.,NA,No
23-319,RFP,Supply and Delivery of Large Wheel Loader,11-Apr-24,Great West Equipment,NA,No
23-319,RFP,Supply and Delivery of Large Wheel Loader,11-Apr-24,Finning International Inc.,NA,No
23-319,RFP,Supply and Delivery of Large Wheel Loader,11-Apr-24,Brandt Tractor Ltd.,NA,No
23-319,RFP,Supply and Delivery of Large Wheel Loader,11-Apr-24,Wajax,NA,No
23-319,RFP,Supply and Delivery of Large Wheel Loader,11-Apr-24,Inland Kenworth Ltd.,NA,No
23-088,RFP,Supply and Delivery of Utility Tractors and Attachments,15-Apr-24,Avenue Machinery Corporation,"$2,540,000",Yes
23-088,RFP,Supply and Delivery of Utility Tractors and Attachments,15-Apr-24,Rollins Machinery Ltd.,NA,No
23-088,RFP,Supply and Delivery of Utility Tractors and Attachments,15-Apr-24,Prairie Coast Equipment Inc.,NA,No
23-088,RFP,Supply and Delivery of Utility Tractors and Attachments,15-Apr-24,Brim Tractor Company,NA,No
24-070,SS/NOIC,Services from Recycle Council of BC,15-Apr-24,Recycling Council of British Columbia,"$99,971",Yes
24-139,ITQ,Construction Services for the East Floc Influent Channel Concrete Repair at SCFP,16-Apr-24,Retro Specialty Contractors Inc.,"$111,682",Yes
24-139,ITQ,Construction Services for the East Floc Influent Channel Concrete Repair at SCFP,16-Apr-24,Tritech Group Ltd.,NA,No
23-279,RFP,Digested Sludge Line Cleaning - Annacis Island WWTP,19-Apr-24,Walco Industries Ltd.,"$168,863",Yes
23-270,RFP,Lulu Island WWTP Trickling Filter Refurbishment - Engineering Services,22-Apr-24,Jacobs Consultancy Canada Inc.,"$342,500",Yes
23-270,RFP,Lulu Island WWTP Trickling Filter Refurbishment - Engineering Services,22-Apr-24,WSP Canada Inc.,NA,No
24-144,SS/NOIC,Building Benchmark BC Program,23-Apr-24,Open Green Building Society,"$75,000",Yes
23-402,SS/NOIC,Supply and Delivery of Material for the North Shore Wastewater Treatment Plant,24-Apr-24,Araner Global DMCC,"$6,416,839",Yes
24-138,SS/NOIC,Final Calibration of Strait of Georgia (SoG) model and MIKE Operations tools,24-Apr-24,DHI Water & Environment Inc.,"$93,300",Yes
24-010,SS/NOIC,Surrey Whalley Valve Chamber No. 2 Emergency Valve Replacements,24-Apr-24,CB Process Instrumentation & Controls,"$87,065",Yes
23-389,RFQ,Water Main Condition Assessments for Marine Crossings,26-Apr-24,Pure Technologies Ltd.,"$210,000",Yes
23-389,RFQ,Water Main Condition Assessments for Marine Crossings,26-Apr-24,Corrosion Service Company Ltd.,,Yes
23-389,RFQ,Water Main Condition Assessments for Marine Crossings,26-Apr-24,Pipeline Inspection and Condition Analysis Corp. (PICA),NA,No
23-389,RFQ,Water Main Condition Assessments for Marine Crossings,26-Apr-24,F-MARQS,NA,No
23-422,RFP-MA,Consulting Engineering Services for Delta Nature Reserve Boardwalk Replacement,29-Apr-24,R.F. Binnie & Associates Ltd.,"$389,460",Yes
23-422,RFP-MA,Consulting Engineering Services for Delta Nature Reserve Boardwalk Replacement,29-Apr-24,Parsons Inc.,NA,No
24-052,RFP,Disposal Ban Exemption Project,1-May-24,Dillon Consulting Ltd.,"$269,925",Yes
24-109,ITQ,Lynn Headwaters Caretaker Tenancy Agreement,1-May-24,Douglas P. Aylsworth,"$75,888",Yes
24-053,RFP,Consulting Services for Reducing Greenhouse Gases from Industrial Emitters,7-May-24,Ramboll Canada Inc.,"$207,818",Yes
24-053,RFP,Consulting Services for Reducing Greenhouse Gases from Industrial Emitters,7-May-24,6893449 Canada Inc.,NA,No
24-053,RFP,Consulting Services for Reducing Greenhouse Gases from Industrial Emitters,7-May-24,ESMIA Consultants Inc.,NA,No
24-053,RFP,Consulting Services for Reducing Greenhouse Gases from Industrial Emitters,7-May-24,Weaver Technical Corp.,NA,No
24-053,RFP,Consulting Services for Reducing Greenhouse Gases from Industrial Emitters,7-May-24,Hatch Ltd.,NA,No
24-053,RFP,Consulting Services for Reducing Greenhouse Gases from Industrial Emitters,7-May-24,Green PI Inc.,NA,No
23-411,ITT,Strathearn Court – Building Envelope Rehabilitation,9-May-24,Signia Construction Ltd.,"$8,160,895",Yes
23-411,ITT,Strathearn Court – Building Envelope Rehabilitation,9-May-24,Centra Construction Group Ltd.,NA,No
23-411,ITT,Strathearn Court – Building Envelope Rehabilitation,9-May-24,New City Contracting Ltd.,NA,No
23-411,ITT,Strathearn Court – Building Envelope Rehabilitation,9-May-24,RJS Construction Ltd.,NA,No
23-411,ITT,Strathearn Court – Building Envelope Rehabilitation,9-May-24,Pro-Can Construction Group Corp.,NA,No
23-411,ITT,Strathearn Court – Building Envelope Rehabilitation,9-May-24,Roma Building Restoration Ltd.,NA,No
23-411,ITT,Strathearn Court – Building Envelope Rehabilitation,9-May-24,All Round Home Improvements & Restorations Ltd.,NA,No
23-411,ITT,Strathearn Court – Building Envelope Rehabilitation,9-May-24,Eggert Projects Ltd.,NA,No
23-411,ITT,Strathearn Court – Building Envelope Rehabilitation,9-May-24,Prostar Contracting,NA,No
23-411,ITT,Strathearn Court – Building Envelope Rehabilitation,9-May-24,Dura Seal Ltd.,NA,No
24-199,RFP,Rental Housing Blueprint: Standardized Zoning and Regulations to Streamline 6-Storey Rental Housing,14-May-24,SvN Architects and Planners Inc.,"$95,585",Yes
24-007,RFP,Nuisance Mosquito Control Program for Metro Vancouver and Participating Municipalities,15-May-24,Morrow BioScience Ltd.,"$685,864",Yes
24-007,RFP,Nuisance Mosquito Control Program for Metro Vancouver and Participating Municipalities,15-May-24,Duka Environmental Services Ltd.,NA,No
23-291,RFP,Electrical and Mechanical Services For C3 To Grit Separators,16-May-24,enCompass Solutions Group,"$1,672,253",Yes
24-130,SS/NOIC,Supply and Delivery of Dewatering Polymer to Iona WWTP,23-May-24,SNF Canada Ltd.,"$1,230,000",Yes
22-426,RFP,Construction of the Grandview Pump Station Improvements Project,29-May-24,Industra Construction Corp.,"$1,576,525",Yes
22-426,RFP,Construction of the Grandview Pump Station Improvements Project,29-May-24,North America Construction (1993) Ltd.,NA,No
22-426,RFP,Construction of the Grandview Pump Station Improvements Project,29-May-24,Tritech Group Ltd.,NA,No
23-128,ITT,Construction Services for Concrete Manhole Lids on Front Street,29-May-24,Oscar Renda Contracting of Canada,"$1,667,143",Yes
24-017,ITT,Construction of South Uplands Entrance Area,29-May-24,Capital Green Landscapes Ltd.,"$777,110",Yes
24-017,ITT,Construction of South Uplands Entrance Area,29-May-24,Cedar Crest Lands (B.C.) Ltd.,NA,No
24-017,ITT,Construction of South Uplands Entrance Area,29-May-24,Lafarge Canada Inc.,NA,No
24-017,ITT,Construction of South Uplands Entrance Area,29-May-24,MAREX Constructors Ltd.,NA,No
24-017,ITT,Construction of South Uplands Entrance Area,29-May-24,New Rhodes Construction Inc.,NA,No
24-017,ITT,Construction of South Uplands Entrance Area,29-May-24,Double M Excavating Ltd.,NA,No
24-017,ITT,Construction of South Uplands Entrance Area,29-May-24,Poschner Construction (88) Ltd.,NA,No
24-017,ITT,Construction of South Uplands Entrance Area,29-May-24,Howard Wilson Construction Ltd.,NA,No
24-017,ITT,Construction of South Uplands Entrance Area,29-May-24,GPM Civil Contracting Inc.,NA,No
24-017,ITT,Construction of South Uplands Entrance Area,29-May-24,Landesign Ltd.,NA,No
22-508,RFP,Project Controls Support Services,3-Jun-24,Turner and Townsend Canada Inc.,"$1,239,957",Yes
22-508,RFP,Project Controls Support Services,5-Jun-24,Rider Hunt International (Alberta) Inc.,"$2,346,745",Yes
22-508,RFP,Project Controls Support Services,3-Jul-24,PTAG Inc.,"$1,013,298",Yes
23-407,ITT,Annacis Island Wastewater Treatment Plant (AIWWTP) Emergency Sanitary Sewer and Maintenance Holes Rehabilitation,3-Jun-24,Michels Canada Co.,"$884,431",Yes
23-407,ITT,Annacis Island Wastewater Treatment Plant (AIWWTP) Emergency Sanitary Sewer and Maintenance Holes Rehabilitation,3-Jun-24,Clearway Construction Inc.,NA,No
23-415,RFP,Kennedy Newton Main - Contract 3A - Kennedy Newton Reservoir to 88th Avenue and 120th Street,3-Jun-24,Matcon Civil Constructors Inc.,"$26,140,200",Yes
23-415,RFP,Kennedy Newton Main - Contract 3A - Kennedy Newton Reservoir to 88th Avenue and 120th Street,3-Jun-24,Michels Canada Co.,NA,No
24-177,SS/NOIC,Fire Alarm Devices Node Upgrade - Annacis Island Waste Water Treatment Plant,4-Jun-24,Siemens Canada Ltd.,"$250,350",Yes
24-146,SS/NOIC,Project Support Financial Services for the North Shore Wastewater Treatment Plant,7-Jun-24,Deloitte LLP,"$2,281,268",Yes
23-067,RFP-MA,"Electrical, Instrumentation and Control (EIC) Consulting Engineering Services for Liquid Waste Services Collection Systems",12-Jun-24,Ausenco Engineering Canada Inc.,"$4,750,000",Yes
23-067,RFP-MA,"Electrical, Instrumentation and Control (EIC) Consulting Engineering Services for Liquid Waste Services Collection Systems",12-Jun-24,MTS Engineering Inc.,,Yes
23-067,RFP-MA,"Electrical, Instrumentation and Control (EIC) Consulting Engineering Services for Liquid Waste Services Collection Systems",12-Jun-24,Tetra Tech Canada Inc.,,Yes
23-067,RFP-MA,"Electrical, Instrumentation and Control (EIC) Consulting Engineering Services for Liquid Waste Services Collection Systems",12-Jun-24,WSP Canada Inc.,,Yes
23-067,RFP-MA,"Electrical, Instrumentation and Control (EIC) Consulting Engineering Services for Liquid Waste Services Collection Systems",12-Jun-24,InSynch Engineering,NA,No
23-067,RFP-MA,"Electrical, Instrumentation and Control (EIC) Consulting Engineering Services for Liquid Waste Services Collection Systems",12-Jun-24,EMB Management Ltd.,NA,No
23-067,RFP-MA,"Electrical, Instrumentation and Control (EIC) Consulting Engineering Services for Liquid Waste Services Collection Systems",12-Jun-24,Clean Energy Consulting Inc.,NA,No
23-067,RFP-MA,"Electrical, Instrumentation and Control (EIC) Consulting Engineering Services for Liquid Waste Services Collection Systems",12-Jun-24,QCA Systems Ltd.,NA,No
23-067,RFP-MA,"Electrical, Instrumentation and Control (EIC) Consulting Engineering Services for Liquid Waste Services Collection Systems",12-Jun-24,CIMA Canada Inc.,NA,No
23-067,RFP-MA,"Electrical, Instrumentation and Control (EIC) Consulting Engineering Services for Liquid Waste Services Collection Systems",12-Jun-24,Stantec Consulting Ltd.,NA,No
23-067,RFP-MA,"Electrical, Instrumentation and Control (EIC) Consulting Engineering Services for Liquid Waste Services Collection Systems",12-Jun-24,AECOM Canada Ltd.,NA,No
23-067,RFP-MA,"Electrical, Instrumentation and Control (EIC) Consulting Engineering Services for Liquid Waste Services Collection Systems",12-Jun-24,Kontzamanis Graumann Smith MacMillan Inc.,NA,No
23-067,RFP-MA,"Electrical, Instrumentation and Control (EIC) Consulting Engineering Services for Liquid Waste Services Collection Systems",12-Jun-24,Associated Engineering (B.C.) Ltd.,NA,No
23-067,RFP-MA,"Electrical, Instrumentation and Control (EIC) Consulting Engineering Services for Liquid Waste Services Collection Systems",12-Jun-24,Klohn Crippen Berger Ltd.,NA,No
24-122,RFP,Manor House - Design Consulting Services for Interior and Exterior Upgrade,16-Jun-24,SR Engineering Ltd.,"$126,679",Yes
24-122,RFP,Manor House - Design Consulting Services for Interior and Exterior Upgrade,16-Jun-24,EXP Services Inc.,NA,No
24-122,RFP,Manor House - Design Consulting Services for Interior and Exterior Upgrade,16-Jun-24,Francl Architecture Inc.,NA,No
23-419,RFP,Customer Surveys Program,17-Jun-24,Dillon Consulting Ltd.,"$361,086",Yes
23-419,RFP,Customer Surveys Program,17-Jun-24,PRA Inc.,NA,No
23-419,RFP,Customer Surveys Program,17-Jun-24,Leger Marketing Alberta Inc.,NA,No
23-419,RFP,Customer Surveys Program,17-Jun-24,Customer Service Professionals Network Inc.,NA,No
23-419,RFP,Customer Surveys Program,17-Jun-24,Justason Market Intelligence Inc.,NA,No
23-266,RFP,Iona Island Wastewater Treatment Plant I/O Upgrade Project,19-Jun-24,enCompass Solutions Group,"$316,924",Yes
23-266,RFP,Iona Island Wastewater Treatment Plant I/O Upgrade Project,19-Jun-24,J A Electric Inc.,NA,No
24-215,SS/NOIC,UPS Batteries Replacement Service at Seymour Capilano Filtration Plant (SCFP),20-Jun-24,Arbutus West Agency Ltd.,"$96,245",Yes
23-435,ITT,Construction Services for Minato West Building Envelope Rehabilitation,21-Jun-24,Signia Construction Ltd.,"$6,762,920",Yes
23-435,ITT,Construction Services for Minato West Building Envelope Rehabilitation,21-Jun-24,MetroVan Construction Ltd.,NA,No
23-435,ITT,Construction Services for Minato West Building Envelope Rehabilitation,21-Jun-24,Roma Building Restoration Ltd.,NA,No
23-435,ITT,Construction Services for Minato West Building Envelope Rehabilitation,21-Jun-24,New City Contracting Ltd.,NA,No
23-435,ITT,Construction Services for Minato West Building Envelope Rehabilitation,21-Jun-24,RJS Construction Ltd.,NA,No
23-435,ITT,Construction Services for Minato West Building Envelope Rehabilitation,21-Jun-24,Eggert Projects Ltd.,NA,No
23-435,ITT,Construction Services for Minato West Building Envelope Rehabilitation,21-Jun-24,All Round Home Improvements & Restorations Ltd.,NA,No
24-046,Co-Operative Procurement,Supply and Delivery of Canoe Services -New Xerox Equipment,13-Feb-24,Xerox Canada Ltd.,"$1,234,018",Yes
24-046,Co-Operative Procurement,Supply and Delivery of Portable Scanning Kiosk,21-Jun-24,CDW Canada Corporation,"$64,032",Yes
24-046,Co-Operative Procurement,Supply and Delivery of Motor Grader for the Watershed and Environmental Management Division,24-Jun-24,Finning International Inc.,"$587,200",Yes
24-046,Co-Operative Procurement,Supply and Delivery of Motor Grader for the Watershed and Environmental Management Division,24-Jun-24,Brandt Tractor Ltd. (John Deere Construction Retail Sales),NA,No
24-046,Co-Operative Procurement,Supply and Delivery ChargePoint Express Plus DC Fast Charging Platform,2-Jul-24,Foreseeson EVSE Technology,"$149,693",Yes
24-046,Co-Operative Procurement,Supply and Delivery BIG-IP APPI TRAFFIC MGR,11-Jul-24,CDW Canada Corporation,"$200,052",Yes
24-046,Co-Operative Procurement,Supply and Delivery of Canoe Services - Adobe Acrobat Subscription,18-Sep-24,CDW Canada Corporation,"$577,346",Yes
24-046,Co-Operative Procurement,Supply and Delivery of Canoe Services - Security Suites,20-Sep-24,CDW Canada Corporation,"$379,992",Yes
22-452,RFP,Construction of Header Replacement for Harbour Pump Station,24-Jun-24,Mitchell Installations Ltd.,"$2,458,739",Yes
22-452,RFP,Construction of Header Replacement for Harbour Pump Station,24-Jun-24,Brymark Installations Group Inc.,NA,No
23-061,RFP,Supply and Delivery of Cellular Devices,24-Jun-24,Rogers Communications Canada Inc.,"$2,217,497",Yes
24-226,ITQ,Heather Place C - Quantity Surveyor Services ITQ,24-Jun-24,Hanscomb Loan Monitoring Inc.,"$77,900",Yes
24-226,ITQ,Heather Place C - Quantity Surveyor Services ITQ,24-Jun-24,BTY Consultancy Group Ltd.,NA,No
23-271,ITT,Woodhaven Boardwalk Replacement Project,26-Jun-24,Skylark Management Corp.,"$221,609",Yes
23-271,ITT,Woodhaven Boardwalk Replacement Project,26-Jun-24,Platinum Stone Contracting Ltd.,NA,No
23-271,ITT,Woodhaven Boardwalk Replacement Project,26-Jun-24,Park Solutions Inc.,NA,No
24-179,SS/NOIC,Gensym Annual Support and Licensing,1-Jul-24,"ESW Operations, LLC","$420,500",Yes
24-162,RFP,Construction of the Phase 2 Perimeter Trail Expansion in Campbell Valley Regional Park,3-Jul-24,Skylark Management Corp.,"$848,131",Yes
24-162,RFP,Construction of the Phase 2 Perimeter Trail Expansion in Campbell Valley Regional Park,3-Jul-24,Cedar Crest Lands (B.C.) Ltd.,NA,No
23-147,RFP,Annacis Island Wastewater Treatment Plant Secondary Clarifiers Service Areas 4-6 I/O Migration Consulting Engineering Services,3-Jul-24,Tetra Tech Canada Inc.,"$369,894",Yes
23-147,RFP,Annacis Island Wastewater Treatment Plant Secondary Clarifiers Service Areas 4-6 I/O Migration Consulting Engineering Services,3-Jul-24,BBA Engineering Ltd.,NA,No
23-147,RFP,Annacis Island Wastewater Treatment Plant Secondary Clarifiers Service Areas 4-6 I/O Migration Consulting Engineering Services,3-Jul-24,Brown & Caldwell,NA,No
23-354,RFP,Annacis Main No. 2 Pipe Joints Inspection and Repairs Under Queensborough Bridge,8-Jul-24,Acuren Group Inc.,"$1,356,613",Yes
23-112,ITT,Supply and Installation of a Dry Polymer Make-up Feeding System,9-Jul-24,Archer Separation Inc.,"$146,005",Yes
23-076,SS/NOIC,Consulting Engineering Services Support for Additional Enhanced Tests in the Pilot Testing Program at the Lulu Island Pilot Digestion Optimization Facility,17-Jul-24,Brown & Caldwell,"$513,698",Yes
24-247,ITQ,Palisade Outlet Works Rehabilitation,17-Jul-24,Pacific Ropes Contracting Ltd.,"$112,362",Yes
24-247,ITQ,Palisade Outlet Works Rehabilitation,17-Jul-24,Spectrum Safety Group,NA,No
24-175,RFP,Regional Economic Development Strategy (REDS) Phase 1,18-Jul-24,MNP LLP,"$92,295.00",Yes
24-175,RFP,Regional Economic Development Strategy (REDS) Phase 1,18-Jul-24,AE COM Canada,NA,No
24-175,RFP,Regional Economic Development Strategy (REDS) Phase 1,18-Jul-24,Cascadia Strategy Consulting,NA,No
24-175,RFP,Regional Economic Development Strategy (REDS) Phase 1,18-Jul-24,Deetken Enterprises,NA,No
24-175,RFP,Regional Economic Development Strategy (REDS) Phase 1,18-Jul-24,Deloitte,NA,No
24-175,RFP,Regional Economic Development Strategy (REDS) Phase 1,18-Jul-24,EBP US,NA,No
24-175,RFP,Regional Economic Development Strategy (REDS) Phase 1,18-Jul-24,KPMG LLP,NA,No
24-175,RFP,Regional Economic Development Strategy (REDS) Phase 1,18-Jul-24,Optimus SBR,NA,No
24-175,RFP,Regional Economic Development Strategy (REDS) Phase 1,18-Jul-24,Price Waterhouse,NA,No
24-175,RFP,Regional Economic Development Strategy (REDS) Phase 1,18-Jul-24,Quatalyst Research Group,NA,No
24-175,RFP,Regional Economic Development Strategy (REDS) Phase 1,18-Jul-24,Resonance Consulting Agency,NA,No
23-444,RFP,Iona Island WWTP Replacement of Switches Construction,19-Jul-24,Ross Morrison Electrical Ltd.,"$189,870",Yes
22-481,RFP,Construction of South Surrey Interceptor Delta Section Air Management Facility Project,21-Jul-24,Tritech Group Ltd.,"$361,052",Yes
22-481,RFP,Construction of South Surrey Interceptor Delta Section Air Management Facility Project,21-Jul-24,Industra Construction Corp.,NA,No
24-296,SS/NOIC,Detailed Design Deposit for Construction Power,22-Jul-24,BC Hydro,"$821,000",Yes
24-416,SS/NOIC,Genset Rental at Sapperton Pump Station,24-Jul-24,"United Rental of Canada, Inc.","$1,869,005",Yes
23-258,RFP-MA,Traffic Engineering Consulting Services,26-Jul-24,AECOM Canada Ltd.,"$750,000",Yes
23-258,RFP-MA,Traffic Engineering Consulting Services,26-Jul-24,AtkinsRéalis Canada Inc.,,Yes
23-258,RFP-MA,Traffic Engineering Consulting Services,26-Jul-24,Parsons Inc.,,Yes
23-258,RFP-MA,Traffic Engineering Consulting Services,26-Jul-24,R.F. Binnie & Associates Ltd.,,Yes
23-258,RFP-MA,Traffic Engineering Consulting Services,26-Jul-24,Stantec Consulting Ltd.,,Yes
23-258,RFP-MA,Traffic Engineering Consulting Services,26-Jul-24,McElhanney Ltd.,,Yes
23-258,RFP-MA,Traffic Engineering Consulting Services,26-Jul-24,Arcadis Professional Services (Canada) Inc.,NA,No
23-258,RFP-MA,Traffic Engineering Consulting Services,26-Jul-24,Watt Consulting Group,NA,No
23-258,RFP-MA,Traffic Engineering Consulting Services,26-Jul-24,ISL Engineering and Land Services Ltd.,NA,No
23-432,RFP-MA,Civil Construction Inspection Services,2-Aug-24,Maven Consulting Ltd.,"$4,500,000",Yes
23-432,RFP-MA,Civil Construction Inspection Services,2-Aug-24,RAM Engineering Ltd.,,Yes
23-432,RFP-MA,Civil Construction Inspection Services,2-Aug-24,WSP Canada Inc.,,Yes
23-432,RFP-MA,Civil Construction Inspection Services,2-Aug-24,Stantec Consulting Ltd.,,Yes
23-432,RFP-MA,Civil Construction Inspection Services,2-Aug-24,R.F. Binnie & Associates Ltd.,,Yes
23-432,RFP-MA,Civil Construction Inspection Services,2-Aug-24,k2AE Engineering & Consulting Ltd.,NA,No
23-432,RFP-MA,Civil Construction Inspection Services,2-Aug-24,AXIS Inspection Group Ltd.,NA,No
23-432,RFP-MA,Civil Construction Inspection Services,2-Aug-24,Aplin & Martin Consultants Ltd.,NA,No
23-432,RFP-MA,Civil Construction Inspection Services,2-Aug-24,ISL Engineering and Land Services Ltd.,NA,No
23-432,RFP-MA,Civil Construction Inspection Services,2-Aug-24,Project Talent Acquisition Group Inc.,NA,No
24-320,SS/NOIC,Zero Waste Conference 2025 License,2-Aug-24,Vancouver Convention Centre,"$222,738",Yes
24-013,RFP,Reusable Cup & Container Platform,7-Aug-24,West Coast Healthy Vending Inc.,"$75,000",Yes
24-013,RFP,Reusable Cup & Container Platform,7-Aug-24,Circular Solutions Inc.,NA,No
23-268,ITT,"Site Preparation, Installation, Tie-in Connections and Commissioning for the IIWWTP Pilot Plant Contract",12-Aug-24,Graham Infrastructure LP,"$4,962,200",Yes
23-268,ITT,"Site Preparation, Installation, Tie-in Connections and Commissioning for the IIWWTP Pilot Plant Contract",12-Aug-24,Pomerleau Inc.,NA,No
23-268,ITT,"Site Preparation, Installation, Tie-in Connections and Commissioning for the IIWWTP Pilot Plant Contract",12-Aug-24,Tritech Group Ltd.,NA,No
24-115,ITT,Crescent Beach Pump Station Discharge Pipe Replacement Diving Services,13-Aug-24,Advanced Subsea Services Ltd.,"$78,700",Yes
24-249,ITT,Installation Services for Electric Vehicle Charging Stations at Lake City Area 3,13-Aug-24,J A Electric Inc.,"$229,000",Yes
24-204,ITT,Culvert and Headwall Improvements at Widgeon Marsh Regional Park,15-Aug-24,Skylark Management Corp.,"$528,223",Yes
18-023,RFP,Consulting Engineering Services for Capilano Main No. 5 Stanley Park Water Supply Tunnel,16-Aug-24,Mott MacDonald Canada Ltd.,"$24,129,946",Yes
20-097,RFP,Construction Management Services for Capilano Main No. 5 (South Shaft to Chilco) – Stanley Park Water Supply Tunnel,16-Aug-24,Delve Underground Canada Corp. ULC,"$13,942,932",Yes
24-124,RFP,Water Supply Plan Using Adaptive Pathways,16-Aug-24,GHD Ltd.,"$594,012",Yes
24-124,RFP,Water Supply Plan Using Adaptive Pathways,16-Aug-24,Carollo Engineers Canada Ltd.,NA,No
24-124,RFP,Water Supply Plan Using Adaptive Pathways,16-Aug-24,CDM Smith Canada ULC,NA,No
24-161,SS/NOIC,Supply and delivery of Materials for The North Shore WWTP,16-Aug-24,MLM Conveying Systems Inc.,"$2,456,604",Yes
24-252,ITT,Roof Replacement - Agricultural Hall (Deas Island Regional Park) & Karr Mercer Barn (Derby Reach Regional Park),21-Aug-24,Mack Kirk Roofing and Sheet Metal Ltd.,"$109,900",Yes
24-252,ITT,Roof Replacement - Agricultural Hall (Deas Island Regional Park) & Karr Mercer Barn (Derby Reach Regional Park),23-Aug-24,Flynn Canada Ltd.,"$123,957",Yes
24-252,ITT,Roof Replacement - Agricultural Hall (Deas Island Regional Park) & Karr Mercer Barn (Derby Reach Regional Park),21-Aug-24,Bollman Roofing & Sheet Metal Ltd.,NA,No
24-252,ITT,Roof Replacement - Agricultural Hall (Deas Island Regional Park) & Karr Mercer Barn (Derby Reach Regional Park),21-Aug-24,Cambie Roofing Contractors Ltd.,NA,No
24-114,ITT,Crescent Beach Pump Station Discharge Pipe Replacement Temporary Bypass,23-Aug-24,Canadian Dewatering LP,"$457,082",Yes
24-114,ITT,Crescent Beach Pump Station Discharge Pipe Replacement Temporary Bypass,23-Aug-24,NCS Fluid Handling Systems Inc.,NA,No
24-114,ITT,Crescent Beach Pump Station Discharge Pipe Replacement Temporary Bypass,23-Aug-24,"United Rental of Canada, Inc.",NA,No
24-079,RFP,Consulting Engineering Services for Lulu Island Wastewater Treatment Plant (LIWWTP) Gravity Thickener Redundancy,26-Aug-24,AECOM Canada Ltd.,"$863,409",Yes
24-079,RFP,Consulting Engineering Services for Lulu Island Wastewater Treatment Plant (LIWWTP) Gravity Thickener Redundancy,26-Aug-24,CDM Smith Canada ULC,NA,No
24-079,RFP,Consulting Engineering Services for Lulu Island Wastewater Treatment Plant (LIWWTP) Gravity Thickener Redundancy,26-Aug-24,AtkinsRéalis Canada Inc.,NA,No
23-116,RFP,Consulting Engineering Services for the Cambie-Richmond Water Supply Tunnel - Fraser River Crossing,28-Aug-24,Mott MacDonald Canada Ltd.,"$5,958,075",Yes
23-116,RFP,Consulting Engineering Services for the Cambie-Richmond Water Supply Tunnel - Fraser River Crossing,28-Aug-24,Delve Underground Canada Corp. ULC,NA,No
23-116,RFP,Consulting Engineering Services for the Cambie-Richmond Water Supply Tunnel - Fraser River Crossing,28-Aug-24,Hatch Ltd.,NA,No
24-020,RFP,Supply and Delivery Valves - Stanley Park Water Supply Tunnel Bypass Piping,4-Sep-24,CB Process Instrumentation & Controls,"$706,400",Yes
23-308,ITT,Supply and Installation for Auto-sampler Kiosks at Clark Drive & Heather Combined Sewer Overflow (CS) Monitoring Site,4-Sep-24,J A Electric Inc.,"$629,500",Yes
23-041,RFP,Consulting Engineering Services for the Iona Island Wastewater Treatment Plant Upgrade Project,5-Sep-24,Fraser Delta Group,"$60,574,702",Yes
23-132,ITT,Installation of Central Park Main No. 2 – Phase 2A: Macpherson Ave to Griffiths Ave. (Early Works),5-Sep-24,BD Hall Constructors,"$90,000",Yes
23-132,ITT,Installation of Central Park Main No. 2 – Phase 2A: Macpherson Ave to Griffiths Ave. (Early Works),5-Sep-24,B&B Contracting (2012) Ltd.,NA,No
23-132,ITT,Installation of Central Park Main No. 2 – Phase 2A: Macpherson Ave to Griffiths Ave. (Early Works),5-Sep-24,Michels Canada Co.,NA,No
23-132,ITT,Installation of Central Park Main No. 2 – Phase 2A: Macpherson Ave to Griffiths Ave.,25-Oct-24,BD Hall Constructors,"$29,630,452",Yes
23-132,ITT,Installation of Central Park Main No. 2 – Phase 2A: Macpherson Ave to Griffiths Ave.,25-Oct-24,B&B Contracting (2012) Ltd.,NA,No
23-132,ITT,Installation of Central Park Main No. 2 – Phase 2A: Macpherson Ave to Griffiths Ave.,25-Oct-24,Michels Canada Co.,NA,No
24-395,SS/NOIC,Supply and Delivery of Repair Materials to Coquitlam Main No. 4 Central Section,9-Sep-24,Thompson Pipe Group Pressure,"$727,900",Yes
24-272,RFP,Wastewater Treatment Plant Effluent Discharge Objectives,12-Sep-24,Kerr Wood Leidal Associates Ltd.,"$78,933",Yes
23-341,RFP,Stanley Park Water Supply Tunnel Project – South Shaft and Bypass Piping Fabrication and Supply,16-Sep-24,Northwest Pipe Company,"$5,765,599",Yes
23-341,RFP,Stanley Park Water Supply Tunnel Project – South Shaft and Bypass Piping Fabrication and Supply,16-Sep-24,Ideal Welders Ltd.,NA,No
23-439,SS/NOIC,Supply and Delivery of Material for The North Shore Wastewater Treatment Plant,18-Sep-24,Hoisting Ltd.,"$5,563,150",Yes
24-188,RFP,External Audit Services,19-Sep-24,KPMG LLP,"$1,188,800",Yes
24-188,RFP,External Audit Services,19-Sep-24,BDO Canada LLP,NA,No
24-388,SS/NOIC,"Supply and Installation of one 36"" Line Stop on the Existing Central Park Main",20-Sep-24,Pacific Control Ltd.,"$200,122",Yes
24-157,SS/NOIC,Preventive Routine Maintenance (EPRM) Plan and Spare parts supplies for NX700 Turbo Blowers,20-Sep-24,APG Neuros Inc.,"$161,729",Yes
24-205,RFP,Site Support Services for the Cleveland Dam Drum Gate Seal Replacement,23-Sep-24,Pacific Ropes Contracting Ltd.,"$410,507",Yes
24-205,RFP,Site Support Services for the Cleveland Dam Drum Gate Seal Replacement,23-Sep-24,Mitchell Installations Ltd.,NA,No
24-315,RFP,"Water Services and Liquid Waste Services Facility Criticality & Risk Framework, Phase 2",25-Sep-24,GEI Consultants Inc.,"$130,978",Yes
24-315,RFP,"Water Services and Liquid Waste Services Facility Criticality & Risk Framework, Phase 2",25-Sep-24,GHD Ltd.,NA,No
23-346,RFP,Stanley Park Water Supply Tunnel,26-Sep-24,Burrard-Chilco Partnership,"$318,186,261",Yes
23-346,RFP,Stanley Park Water Supply Tunnel,26-Sep-24,Kiewit Construction Services ULC,NA,No
23-346,RFP,Stanley Park Water Supply Tunnel,26-Sep-24,Southland Mole of Canada,NA,No
23-346,RFP,Stanley Park Water Supply Tunnel,26-Sep-24,AECON,NA,No
23-346,RFP,Stanley Park Water Supply Tunnel,26-Sep-24,Flatiron Constructors Canada Ltd.,NA,No
24-442,SS/NOIC,Gartner for Technical Professionals Advisor Small and Midsize Business Enterprise Access and IT Leadership Team Leader / Role Member,1-Oct-24,Gartner Canada Co.,"$929,919",Yes
24-044,RFP,Consulting Engineering Services for Renewable Natural Gas Facility at Iona Island WWTP,2-Oct-24,AECOM Canada Ltd.,"$827,950",Yes
24-044,RFP,Consulting Engineering Services for Renewable Natural Gas Facility at Iona Island WWTP,2-Oct-24,Tetra Tech Canada Inc.,NA,No
24-044,RFP,Consulting Engineering Services for Renewable Natural Gas Facility at Iona Island WWTP,2-Oct-24,Worley Canada Services Ltd.,NA,No
24-044,RFP,Consulting Engineering Services for Renewable Natural Gas Facility at Iona Island WWTP,2-Oct-24,CIMA Canada Inc.,NA,No
24-044,RFP,Consulting Engineering Services for Renewable Natural Gas Facility at Iona Island WWTP,2-Oct-24,Astra Zeidan Inc.,NA,No
24-044,RFP,Consulting Engineering Services for Renewable Natural Gas Facility at Iona Island WWTP,2-Oct-24,Sacre‐Davey Engineering,NA,No
24-044,RFP,Consulting Engineering Services for Renewable Natural Gas Facility at Iona Island WWTP,2-Oct-24,AtkinsRéalis Canada Inc.,NA,No
24-044,RFP,Consulting Engineering Services for Renewable Natural Gas Facility at Iona Island WWTP,2-Oct-24,Carollo Engineers Canada Ltd.,NA,No
24-044,RFP,Consulting Engineering Services for Renewable Natural Gas Facility at Iona Island WWTP,2-Oct-24,GHD Ltd.,NA,No
24-044,RFP,Consulting Engineering Services for Renewable Natural Gas Facility at Iona Island WWTP,2-Oct-24,Brown & Caldwell,NA,No
24-120,RFP,Walnut Shell Blasting of Boiler Tubes,2-Oct-24,Prime Boiler Services Ltd.,"$96,119",Yes
24-120,RFP,Walnut Shell Blasting of Boiler Tubes,2-Oct-24,Quantam Industrial Solutions Inc.,NA,No
24-230,ITT,Montrose Main No. 2 Construction,2-Oct-24,Oscar Renda Contracting Of Canada,"$1,670,830",Yes
24-230,ITT,Montrose Main No. 2 Construction,2-Oct-24,BD Hall Constructors,NA,No
24-230,ITT,Montrose Main No. 2 Construction,2-Oct-24,Michels Canada Co.,NA,No
24-230,ITT,Montrose Main No. 2 Construction,2-Oct-24,JJM Constructors Ltd.,NA,No
24-153,RFP,Architect and Design Services for Affordable Housing Project - Riverside Drive,4-Oct-24,Integra Architecture Inc.,"$1,760,583",Yes
24-153,RFP,Architect and Design Services for Affordable Housing Project - Riverside Drive,4-Oct-24,Ryder Architecture (Canada) Inc.,NA,No
24-153,RFP,Architect and Design Services for Affordable Housing Project - Riverside Drive,4-Oct-24,"Perkins Eastman Architects Canada, Ltd",NA,No
24-153,RFP,Architect and Design Services for Affordable Housing Project - Riverside Drive,4-Oct-24,NSDA Architects,NA,No
24-153,RFP,Architect and Design Services for Affordable Housing Project - Riverside Drive,4-Oct-24,Carscadden Stokes McDonald Architects Inc.,NA,No
24-153,RFP,Architect and Design Services for Affordable Housing Project - Riverside Drive,4-Oct-24,Aplin & Martin Consultants Ltd.,NA,No
24-394,SS/NOIC,Seymour Falls Dam Ground Water Model Update,7-Oct-24,Klohn Crippen Berger Ltd.,"$261,919",Yes
24-361,ITT,Tynehead Regional Park – Gerow Barn Roof Replacement,7-Oct-24,Bollman Roofing & Sheet Metal Ltd.,"$122,550",Yes
24-361,ITT,Tynehead Regional Park – Gerow Barn Roof Replacement,7-Oct-24,Flynn Canada Ltd.,NA,No
24-405,SS/NOIC,Communications and Engagement Support Services,8-Oct-24,Nanette Van Doorn,"$607,365",Yes
24-232,ITQ,Archaeological Impact Assessment for the South Surrey Interceptor – Delta Section Rehabilitation,9-Oct-24,ISL Engineering and Land Services Ltd.,"$202,467",Yes
22-167,RFP,Construction Management for Services and Construction (At-Risk) for Metro Vancouver Housing Corporation (Early Works Portion for The Connection (Eastburne)),15-Apr-24,Kinetic Construction Ltd.,"$2,250,000",Yes
22-167,RFP,Construction Management for Services and Construction (At-Risk) for The Connection (Eastburne) Affordable Housing Development,10-Oct-24,Kinetic Construction Ltd.,"$94,135,363",Yes
22-167,RFP,Construction Management for Services and Construction (At-Risk) for Heron’s Nest (Pitt Meadows) Affordable Housing and Childcare Development,30-Oct-24,Scott Construction (2005) Ltd.,"$66,720,545",Yes
22-167,RFP,Construction Management for Services and Construction (At-Risk) for Metro Vancouver Housing Corporation - The Steller,3-Dec-24,Kinetic Construction Ltd.,"$69,781,556",Yes
23-197,RFP,Warehousing and Inventory Management Consulting Services,10-Oct-24,Cognitive Process Consulting Ltd.,"$180,505",Yes
23-197,RFP,Warehousing and Inventory Management Consulting Services,10-Oct-24,LIDD Consultants Inc.,NA,No
23-197,RFP,Warehousing and Inventory Management Consulting Services,10-Oct-24,Deloitte LLP,NA,No
23-197,RFP,Warehousing and Inventory Management Consulting Services,10-Oct-24,Slalom Consulting ULC,NA,No
23-197,RFP,Warehousing and Inventory Management Consulting Services,10-Oct-24,Trillium Advisory Group ULC,NA,No
24-193,RFP,Operation and Maintenance of The Metro Vancouver Waste-to-Energy Facility,11-Oct-24,Veolia Water Canada Inc.,"$700,000",Yes
24-193,RFP,Operation and Maintenance of The Metro Vancouver Waste-to-Energy Facility,11-Oct-24,NAES Corp.,NA,No
24-253,SS/NOIC,Recycling Information Services,11-Oct-24,Recycling Council of British Columbia,"$250,000",Yes
24-459,SS/NOIC,Aveva Flex - License,15-Oct-24,AVEVA Software Canada Inc.,"$1,438,137",Yes
23-408,ITT,Lulu Island Wastewater Treatment Plant Generator Building Process I/O Migration,15-Oct-24,J A Electric Inc.,"$457,000",Yes
23-408,ITT,Lulu Island Wastewater Treatment Plant Generator Building Process I/O Migration,15-Oct-24,Ross Morrison Electrical Ltd.,NA,No
23-408,ITT,Lulu Island Wastewater Treatment Plant Generator Building Process I/O Migration,15-Oct-24,Gifford Electric Ltd.,NA,No
23-368,RFP,Supply and Delivery of Steel Pipe for 2024 to 2026 Water Services Constructi on Projects,15-Oct-24,Northwest Pipe Company,"$13,433,703",Yes
24-453,SS/NOIC,IIWWTP Early Electrical Works Supply and Delivery of Industrial Control System (ICS) Equipment,18-Oct-24,ABB Canada,"$607,711",Yes
23-309,RFP,Consulting Engineering Services - Annacis Island WWTP Chemistry Lab Expansion (Phase A),18-Oct-24,MCW Consultants Ltd.,"$443,552",Yes
23-309,RFP,Consulting Engineering Services - Annacis Island WWTP Chemistry Lab Expansion (Phase A),18-Oct-24,WSP Canada Inc.,NA,No
24-419,ITT,Roof Replacement of Burvilla House - Deas Island Regional Park,21-Oct-24,Mack Kirk Roofing and Sheet Metal Ltd.,"$215,300",Yes
24-419,ITT,Roof Replacement of Burvilla House - Deas Island Regional Park,21-Oct-24,Bollman Roofing & Sheet Metal Ltd.,NA,No
24-398,RFP,2024 Household Food Waste Study,22-Oct-24,Justason Market Intelligence Inc.,"$158,550",Yes
24-209,SS/NOIC,Supply and Delivery of Material for The North Shore Wastewater Treatment Plant,23-Oct-24,"Purafil, Inc.","$9,390,642",Yes
24-277,RFP,Burwell Lake and Palisade Lake Debris Booms Preliminary Design,24-Oct-24,Hatch Ltd.,"$124,656",Yes
24-277,RFP,Burwell Lake and Palisade Lake Debris Booms Preliminary Design,24-Oct-24,AtkinsRéalis Canada Inc.,NA,No
24-277,RFP,Burwell Lake and Palisade Lake Debris Booms Preliminary Design,24-Oct-24,Geniglace Inc.,NA,No
24-277,RFP,Burwell Lake and Palisade Lake Debris Booms Preliminary Design,24-Oct-24,KGS Group,NA,No
24-277,RFP,Burwell Lake and Palisade Lake Debris Booms Preliminary Design,24-Oct-24,Klohn Crippen Berger Ltd.,NA,No
24-277,RFP,Burwell Lake and Palisade Lake Debris Booms Preliminary Design,24-Oct-24,WSP Canada Inc.,NA,No
24-273,RFP,Develop a Comprehensive Communications Strategy Framework to Support Metro Vancouver’s Climate 2050 Strategic Framework,24-Oct-24,NIVA Inc.,"$94,500",Yes
24-273,RFP,Develop a Comprehensive Communications Strategy Framework to Support Metro Vancouver’s Climate 2050 Strategic Framework,24-Oct-24,Adrian Brown Group Inc.,NA,No
24-273,RFP,Develop a Comprehensive Communications Strategy Framework to Support Metro Vancouver’s Climate 2050 Strategic Framework,24-Oct-24,Believeco:Partners Ltd.,NA,No
24-273,RFP,Develop a Comprehensive Communications Strategy Framework to Support Metro Vancouver’s Climate 2050 Strategic Framework,24-Oct-24,Bright Future Studio Ltd.,NA,No
24-273,RFP,Develop a Comprehensive Communications Strategy Framework to Support Metro Vancouver’s Climate 2050 Strategic Framework,24-Oct-24,Carleton University,NA,No
24-273,RFP,Develop a Comprehensive Communications Strategy Framework to Support Metro Vancouver’s Climate 2050 Strategic Framework,24-Oct-24,Crestview Strategy Inc.,NA,No
24-273,RFP,Develop a Comprehensive Communications Strategy Framework to Support Metro Vancouver’s Climate 2050 Strategic Framework,24-Oct-24,GHD Ltd.,NA,No
24-273,RFP,Develop a Comprehensive Communications Strategy Framework to Support Metro Vancouver’s Climate 2050 Strategic Framework,24-Oct-24,Global Public Affairs,NA,No
24-273,RFP,Develop a Comprehensive Communications Strategy Framework to Support Metro Vancouver’s Climate 2050 Strategic Framework,24-Oct-24,Imvelo,NA,No
24-273,RFP,Develop a Comprehensive Communications Strategy Framework to Support Metro Vancouver’s Climate 2050 Strategic Framework,24-Oct-24,Lucent Quay Consulting Inc.,NA,No
24-273,RFP,Develop a Comprehensive Communications Strategy Framework to Support Metro Vancouver’s Climate 2050 Strategic Framework,24-Oct-24,Navigator Ltd.,NA,No
24-273,RFP,Develop a Comprehensive Communications Strategy Framework to Support Metro Vancouver’s Climate 2050 Strategic Framework,24-Oct-24,Prism Engineering Ltd.,NA,No
24-273,RFP,Develop a Comprehensive Communications Strategy Framework to Support Metro Vancouver’s Climate 2050 Strategic Framework,24-Oct-24,Spur Communications Inc.,NA,No
24-273,RFP,Develop a Comprehensive Communications Strategy Framework to Support Metro Vancouver’s Climate 2050 Strategic Framework,24-Oct-24,Urban Systems Ltd.,NA,No
24-273,RFP,Develop a Comprehensive Communications Strategy Framework to Support Metro Vancouver’s Climate 2050 Strategic Framework,24-Oct-24,WeUsThem Inc.,NA,No
24-273,RFP,Develop a Comprehensive Communications Strategy Framework to Support Metro Vancouver’s Climate 2050 Strategic Framework,24-Oct-24,Yulu Public Relations,NA,No
24-389,SS/NOIC,Reuse Services Pilot at the United Boulevard Recycling & Waste Centre,24-Oct-24,Renew Crew Foundation,"$75,000",Yes
24-168,ITT,Inverholme Schoolhouse Repairs,25-Oct-24,PR Pomeroy Restoration & Construction Ltd.,"$137,113",Yes
24-141,RFP,Campbell Valley McLean Pond Dam Stability,28-Oct-24,Thurber Engineering Ltd.,"$175,400",Yes
24-141,RFP,Campbell Valley McLean Pond Dam Stability,28-Oct-24,Ecora Engineering & Resources Group Ltd.,NA,No
24-141,RFP,Campbell Valley McLean Pond Dam Stability,28-Oct-24,Stantec Consulting Ltd.,NA,No
24-141,RFP,Campbell Valley McLean Pond Dam Stability,28-Oct-24,Hatch Ltd.,NA,No
24-141,RFP,Campbell Valley McLean Pond Dam Stability,28-Oct-24,Tetra Tech Canada Inc.,NA,No
24-141,RFP,Campbell Valley McLean Pond Dam Stability,28-Oct-24,GHD Ltd.,NA,No
24-141,RFP,Campbell Valley McLean Pond Dam Stability,28-Oct-24,Klohn Crippen Berger Ltd.,NA,No
24-502,SS/NOIC,"Offloading and indoor storage of 2 - 47,350 kg heat pumps for the North Shore WWTP",30-Oct-24,Pacific Industrial Movers LP,"$75,000",Yes
24-302,SS/NOIC,Supply and Delivery of Material for The North Shore Wastewater Treatment Plant. ACCIONA - CRS Crane kits,31-Oct-24,Acciona Wastewater Solutions LP,"$275,000",Yes
24-180,RFP-MA,Real Estate Advisory & Brokerage Services,1-Nov-24,Avison Young,"$1,000,000",Yes
24-180,RFP-MA,Real Estate Advisory & Brokerage Services,1-Nov-24,Cushman & Wakefield - Commercial Real Estate Services,,Yes
24-180,RFP-MA,Real Estate Advisory & Brokerage Services,1-Nov-24,Marcus & Millichap REIS Canada Inc.,NA,No
24-180,RFP-MA,Real Estate Advisory & Brokerage Services,1-Nov-24,"Jones Lang LaSalle Real Estate Services, Inc.",NA,No
24-180,RFP-MA,Real Estate Advisory & Brokerage Services,1-Nov-24,Ernst & Young LLP,NA,No
24-180,RFP-MA,Real Estate Advisory & Brokerage Services,1-Nov-24,CBRE Ltd.,NA,No
24-180,RFP-MA,Real Estate Advisory & Brokerage Services,1-Nov-24,Colliers Macaulay Nicolls Inc.,NA,No
24-455,SS/NOIC,Hexagon EAM Support & Maintenance,1-Nov-24,Intergraph Canada LLC,"$439,509",Yes
24-461,SS/NOIC,IIWWTP Admin Building Chiller Replacement,1-Nov-24,CustomAir Conditioning Ltd.,"$279,964",Yes
24-471,ITQ,"Widgeon Marsh Regional Park, Quarry Road Paving",1-Nov-24,Winvan Paving Ltd.,"$199,989",Yes
24-471,ITQ,"Widgeon Marsh Regional Park, Quarry Road Paving",1-Nov-24,Palmieri Bros Paving Ltd.,NA,No
24-471,ITQ,"Widgeon Marsh Regional Park, Quarry Road Paving",1-Nov-24,Custom Blacktop Co.,NA,No
24-512,SS/NOIC,"Permanent Road Restorations after Water Main Leak Repairs at West Side of Arbutus Street and South of W 16th Ave, Vancouver",1-Nov-24,Palmieri Bros Paving Ltd.,"$99,630",Yes
24-170,ITT,Evergreen Parkade Ceiling Insulation Replacement,1-Nov-24,Performance Spray Insulation Ltd.,"$75,070",Yes
24-170,ITT,Evergreen Parkade Ceiling Insulation Replacement,1-Nov-24,Peak Insulation Ltd.,NA,No
24-170,ITT,Evergreen Parkade Ceiling Insulation Replacement,1-Nov-24,Ener-Spray Pacific Ltd.,NA,No
24-170,ITT,Evergreen Parkade Ceiling Insulation Replacement,1-Nov-24,Geer Contracting Ltd.,NA,No
24-446,SS/NOIC,Consortium to Optimize Electrical Service Capacities,1-Nov-24,Dunsky Energy + Climate Advisors / 6893449 Canada Inc.,"$75,000",Yes
24-047,RFP,Stanley Park Water Supply Tunnel - Environmental Auditor Services,4-Nov-24,GHD Ltd.,"$1,412,728",Yes
24-047,RFP,Stanley Park Water Supply Tunnel - Environmental Auditor Services,4-Nov-24,EMM Consulting Pty Ltd.,NA,No
24-047,RFP,Stanley Park Water Supply Tunnel - Environmental Auditor Services,4-Nov-24,Zoetica Wildlife Research Services Inc.,NA,No
24-047,RFP,Stanley Park Water Supply Tunnel - Environmental Auditor Services,4-Nov-24,Inlailawatash Limited Partnership,NA,No
24-047,RFP,Stanley Park Water Supply Tunnel - Environmental Auditor Services,4-Nov-24,Roe Environmental Inc.,NA,No
24-047,RFP,Stanley Park Water Supply Tunnel - Environmental Auditor Services,4-Nov-24,Hatfield Consultants LLP,NA,No
24-047,RFP,Stanley Park Water Supply Tunnel - Environmental Auditor Services,4-Nov-24,AtkinsRéalis Canada Inc.,NA,No
24-251,RFP,Lynn Creek Bridge Crossing and Entrance Area at Lynn Headwaters Regional Park - Phase 1,6-Nov-24,Mott MacDonald Canada Ltd.,"$298,499",Yes
24-251,RFP,Lynn Creek Bridge Crossing and Entrance Area at Lynn Headwaters Regional Park - Phase 1,6-Nov-24,Stantec Consulting Ltd.,NA,No
24-251,RFP,Lynn Creek Bridge Crossing and Entrance Area at Lynn Headwaters Regional Park - Phase 1,6-Nov-24,Parsons Inc.,NA,No
24-251,RFP,Lynn Creek Bridge Crossing and Entrance Area at Lynn Headwaters Regional Park - Phase 1,6-Nov-24,AECOM Canada Ltd.,NA,No
24-251,RFP,Lynn Creek Bridge Crossing and Entrance Area at Lynn Headwaters Regional Park - Phase 1,6-Nov-24,Associated Engineering (B.C.) Ltd.,NA,No
24-409,RFP,Who is Here? – Audience Research,7-Nov-24,Deetken Enterprises Inc.,"$91,690",Yes
24-409,RFP,Who is Here? – Audience Research,7-Nov-24,Angus Reid Group Inc.,NA,No
24-409,RFP,Who is Here? – Audience Research,7-Nov-24,Deloitte LLP,NA,No
24-409,RFP,Who is Here? – Audience Research,7-Nov-24,Environics Research Group Ltd.,NA,No
24-409,RFP,Who is Here? – Audience Research,7-Nov-24,HumanSystems Inc.,NA,No
24-409,RFP,Who is Here? – Audience Research,7-Nov-24,MNP LLP,NA,No
24-409,RFP,Who is Here? – Audience Research,7-Nov-24,SoIuZone Consulting Inc.,NA,No
24-409,RFP,Who is Here? – Audience Research,7-Nov-24,Spur Communications Inc.,NA,No
24-409,RFP,Who is Here? – Audience Research,7-Nov-24,WeUsThem Inc.,NA,No
24-409,RFP,Who is Here? – Audience Research,7-Nov-24,Adrian Brown Group Inc.,NA,No
24-530,SS/NOIC,LinkedIn Job Posting and Related Services For Metro Vancouver,14-Nov-24,Linkedin Corp.,"$203,265",Yes
24-004,RFP,Reduction of Emissions from In-Service Medium and Heavy Duty Vehicles in British Columbia,14-Nov-24,Ramboll Canada Inc.,"$145,950",Yes
24-004,RFP,Reduction of Emissions from In-Service Medium and Heavy Duty Vehicles in British Columbia,14-Nov-24,Cascadia Strategy Consulting Partners Ltd.,NA,No
24-004,RFP,Reduction of Emissions from In-Service Medium and Heavy Duty Vehicles in British Columbia,14-Nov-24,Deloitte LLP,NA,No
24-004,RFP,Reduction of Emissions from In-Service Medium and Heavy Duty Vehicles in British Columbia,14-Nov-24,MNP LLP,NA,No
23-404,RFP,Supply and Delivery of Standby Diesel Generators for Iona Island Wastewater Treatmnet Plant,18-Nov-24,Finning International Inc.,"$14,052,914",Yes
23-404,RFP,Supply and Delivery of Standby Diesel Generators for Iona Island Wastewater Treatmnet Plant,18-Nov-24,Simson-Maxwell Ltd.,NA,No
23-404,RFP,Supply and Delivery of Standby Diesel Generators for Iona Island Wastewater Treatmnet Plant,18-Nov-24,Prima Power Systems,NA,No
23-404,RFP,Supply and Delivery of Standby Diesel Generators for Iona Island Wastewater Treatmnet Plant,18-Nov-24,GAL Power Systems,NA,No
24-117,RFP-MA,Process Safety Management Consulting Services,18-Nov-24,ClearSky Risk Management Inc.,"$1,500,000",Yes
24-117,RFP-MA,Process Safety Management Consulting Services,18-Nov-24,PMO Global Services,,Yes
24-117,RFP-MA,Process Safety Management Consulting Services,18-Nov-24,AtkinsRéalis Canada Inc.,,Yes
24-117,RFP-MA,Process Safety Management Consulting Services,18-Nov-24,Major Industrial E-Risk Services Inc.,,Yes
24-117,RFP-MA,Process Safety Management Consulting Services,18-Nov-24,"Baker Engineering and Risk Consultants, Inc.",,Yes
24-117,RFP-MA,Process Safety Management Consulting Services,18-Nov-24,AECOM Canada Ltd.,NA,No
24-117,RFP-MA,Process Safety Management Consulting Services,18-Nov-24,Astra Zeidan Inc.,NA,No
24-117,RFP-MA,Process Safety Management Consulting Services,18-Nov-24,Allnorth Consultants Ltd.,NA,No
24-117,RFP-MA,Process Safety Management Consulting Services,18-Nov-24,WSP Canada Inc.,NA,No
24-102,RFP,Senior Commercial and Project Management Advisory Services,19-Nov-24,Project Talent Acquisition Group Inc.,"$1,012,000",Yes
24-102,RFP,Senior Commercial and Project Management Advisory Services,19-Nov-24,PMA Project Controls Canada ULC,"$872,160",Yes
24-102,RFP,Senior Commercial and Project Management Advisory Services,26-Nov-24,Revay and Associates Ltd.,"$562,304",Yes
24-143,RFSO,"Temporary Flow, Level and Rainfall Monitoring Services",18-Nov-24,Kerr Wood Leidal Associates Ltd.,"$3,000,000",Yes
24-143,RFSO,"Temporary Flow, Level and Rainfall Monitoring Services",18-Nov-24,ADS Environmental Technologies,,Yes
24-102,RFP,Senior Commercial and Project Management Advisory Services,19-Nov-24,Turner and Townsend Canada Inc.,"$548,320",Yes
24-403,RFP,Condition Assessments for Kersland Pump Station and Little Mountain Pump Station,19-Nov-24,Tetra Tech Canada Inc.,"$219,949",Yes
24-403,RFP,Condition Assessments for Kersland Pump Station and Little Mountain Pump Station,19-Nov-24,Ausenco Engineering Canada Inc.,NA,No
24-479,SS/NOIC,"Particulate Matter Monitors, Teledyne Model T640, for Air Quality Monitoring Network",20-Nov-24,J.C. Andelle Inc.,"$125,976",Yes
24-074,RFP,Consulting Services for the Assessment of Facility Management Services,21-Nov-24,Colliers Project Leaders Inc.,"$170,335",Yes
24-074,RFP,Consulting Services for the Assessment of Facility Management Services Coquitlam Lake Water Supply Projects – Program Management and,21-Nov-24,Roth IAMS Ltd.,NA,No
24-006B,RFP,Consulting Engineering Services. Component 2(B) : Program Management aCnodq uCiotlnasmu lLtiankge EWngaitneere Sruinpgp Slye Prvriocjeesc tfso r– C Porqougritalamm M Maaniang Nemo.e 4n Pt raonjde ct,21-Nov-24,CIMA Canada Inc.,"$17,424,401",Yes
24-006B,RFP,Consulting Engineering Services. Component 2(B) : Program Management aCnodq uCiotlnasmu lLtiankge EWngaitneere Sruinpgp Slye Prvriocjeesc tfso r– C Porqougritalamm M Maaniang Nemo.e 4n Pt raonjde ct,21-Nov-24,Carollo Engineers Canada Ltd.,NA,No
24-006A,RFP,Consulting Engineering Services. Component 1 (A): Program Management SCeorqvuicitelas man Lda Ckeo nWsualtteinr gS uEpnpgilny ePerroijnegc tSse –rv Picreosg rfaomr t hMea Tnraegaetmmeenntt Panilodt Testing,27-Nov-24,Jacobs Consultancy Canada Inc.,"$74,512,561",Yes
24-006A,RFP,Consulting Engineering Services. Component 1 (A): Program Management Services and Consulting Engineering Services for the Treatment Pilot Testing,27-Nov-24,Carollo Engineers Canada Ltd.,NA,No
23-065,RFP,Supply and Installation of Jervis PS Backup Power Facility and Associated Work,22-Nov-24,Tritech Group Ltd.,"$4,087,190",Yes
23-065,RFP,Supply and Installation of Jervis PS Backup Power Facility and Associated Work,22-Nov-24,North America Construction (1993) Ltd.,NA,No
23-065,RFP,Supply and Installation of Jervis PS Backup Power Facility and Associated Work,22-Nov-24,Regehr Contracting Ltd.,NA,No
24-449,RFP,Seymour Falls Dam Rockfill Trench Piezometer Installation,27-Nov-24,ConeTec Investigations Ltd.,"$171,089",Yes
24-449,RFP,Seymour Falls Dam Rockfill Trench Piezometer Installation,27-Nov-24,Blue Max Drilling Inc.,NA,No
24-132,RFP-MA,Engineering Services for Fugitive Emissions Monitoring Plan and Implementati,1-Dec-24,Jacobs Consultancy Canada Inc.,"$2,000,000.00",Yes
24-132,RFP-MA,Engineering Services for Fugitive Emissions Monitoring Plan and Implementati,1-Dec-24,Brown and Caldwell,,Yes
24-181,RFP-MA,Engineering / Architectural Services,1-Dec-24,Entuitive Corp.,"$2,000,000.00",Yes
24-181,RFP-MA,Engineering / Architectural Services,1-Dec-24,MCW Consultants Ltd.,,Yes
24-181,RFP-MA,Engineering / Architectural Services,1-Dec-24,Omicron Canada Inc.,,Yes
24-181,RFP-MA,Engineering / Architectural Services,1-Dec-24,Sense Engineering Ltd.,,Yes
24-181,RFP-MA,Engineering / Architectural Services,1-Dec-24,SR Engineering Ltd.,,Yes
24-450,RFP,Wildfire Risk and Forest Health Management,2-Dec-24,Diamond Head Consulting Ltd.,"$105,580.00",Yes
24-450,RFP,Wildfire Risk and Forest Health Management,2-Dec-24,B.A Blackwell & Associates Ltd.,NA,No
24-085,RFP,Supply and Delivery of a Boiler for the Lulu Island WWTP Effluent Heat Recove,3-Dec-24,Prime Boiler Services Ltd.,"$305,946.00",Yes
24-085,RFP,Supply and Delivery of a Boiler for the Lulu Island WWTP Effluent Heat Recove,3-Dec-24,Emona Sales Ltd.,NA,No
24-441,SS/NOIC,Bio-Gas Booster Compressor - IIWWTP,3-Dec-24,National Compressed Air (NCA) Ltd.,"$108,097.00",Yes
23-252,RFP,Supply and Delivery of Industrial Compressed Gases - Liquid Oxygen and Carbon Dioxide,9-Dec-24,Linde Canada Inc.,"$3,889,000",Yes
23-252,RFP,Supply and Delivery of Industrial Compressed Gases - Liquid Oxygen and Carbon Dioxide,9-Dec-24,Air Liquide Canada,NA,No
24-262,RFP,Reducing Emissions from Low-Rise Buildings,9-Dec-24,Introba Canada Engineering LP,"$145,005",Yes
24-262,RFP,Reducing Emissions from Low-Rise Buildings,9-Dec-24,6893449 Canada Inc.,NA,No
24-262,RFP,Reducing Emissions from Low-Rise Buildings,9-Dec-24,Licker Geospatial Consulting Co.,NA,No
24-262,RFP,Reducing Emissions from Low-Rise Buildings,9-Dec-24,MCW Consultants Ltd.,NA,No
24-262,RFP,Reducing Emissions from Low-Rise Buildings,9-Dec-24,RDH Building Science Inc.,NA,No
24-497,ITQ,IIWWTP SE Lagoon Dewatering,10-Dec-24,Stormtec Water Management Inc.,"$158,650",Yes
24-497,ITQ,IIWWTP SE Lagoon Dewatering,10-Dec-24,Canadian Dewatering Fluid Management System,NA,No
24-497,ITQ,IIWWTP SE Lagoon Dewatering,10-Dec-24,American Process Group (Canada) Ltd.,NA,No
24-497,ITQ,IIWWTP SE Lagoon Dewatering,10-Dec-24,Concord Excavating & Contracting Ltd.,NA,No
24-183,RFP,Developing Mesoscale Prognostic Meteorological Data for Use in Air Quality Modelling,17-Dec-24,Weatherlogics Inc.,"$116,262",Yes
24-183,RFP,Developing Mesoscale Prognostic Meteorological Data for Use in Air Quality Modelling,17-Dec-24,Ramboll Canada Inc.,NA,No
24-183,RFP,Developing Mesoscale Prognostic Meteorological Data for Use in Air Quality Modelling,17-Dec-24,Lakes Environment Consultants Inc.,NA,No
24-264,ITT,Building Remedial Work - Tivoli Gardens,17-Dec-24,All Round Home Improvements & Restorations Ltd.,"$4,121,233",Yes
24-264,ITT,Building Remedial Work - Tivoli Gardens,17-Dec-24,Signia Construction Ltd.,NA,No
24-264,ITT,Building Remedial Work - Tivoli Gardens,17-Dec-24,New City Contracting Ltd.,NA,No
24-264,ITT,Building Remedial Work - Tivoli Gardens,17-Dec-24,RJS Construction Ltd.,NA,No
23-440,SS/NOIC,Supply and Delivery of Structural Steel for the North Shore WWTP,18-Dec-24,Canam Group Inc.,"$28,055,085",Yes
24-097,RFP,Supply and Delivery of E-House for Standby Power System for the Iona Island Wastewater Treatment Plant (IIWWTP) Projects - Early Works,19-Dec-24,RIC Power Corp.,"$497,500",Yes
24-097,RFP,Supply and Delivery of E-House for Standby Power System for the Iona Island Wastewater Treatment Plant (IIWWTP) Projects - Early Works,19-Dec-24,Uptime Industrial,NA,No
24-097,RFP,Supply and Delivery of E-House for Standby Power System for the Iona Island Wastewater Treatment Plant (IIWWTP) Projects - Early Works,19-Dec-24,Vanguard Power Ltd.,NA,No
24-097,RFP,Supply and Delivery of E-House for Standby Power System for the Iona Island Wastewater Treatment Plant (IIWWTP) Projects - Early Works,19-Dec-24,Arbutus West Agency Ltd.,NA,No
24-097,RFP,Supply and Delivery of E-House for Standby Power System for the Iona Island Wastewater Treatment Plant (IIWWTP) Projects - Early Works,19-Dec-24,Finning Canada,NA,No
24-097,RFP,Supply and Delivery of E-House for Standby Power System for the Iona Island Wastewater Treatment Plant (IIWWTP) Projects - Early Works,19-Dec-24,Tundra Process Solutions Ltd.,NA,No
24-384,ITT,Construcion Services for Primary Odour Control Biofilter Media Replacement,19-Dec-24,Sancat Excavating Ltd.,"$92,071",Yes
24-384,ITT,Construcion Services for Primary Odour Control Biofilter Media Replacement,19-Dec-24,Rsavage Contracting,NA,No
24-554,SS/NOIC,Supply and Install Prefabricated Boardwalk System at Tynehead Regional Park,20-Dec-24,Habitat Systems Inc.,"$149,896",Yes
24-246,SS/NOIC,Supply and Delivery of Material for The North Shore Wastewater Treatment Plant - Priming Solids Handling Pumps,20-Dec-24,Wilo Canada Inc.,"$204,414",Yes
24-331,SS/NOIC,Supply and Delivery of Material for The North Shore Wastewater Treatment Plant - Fine & Coarse Bubble Diffusers,20-Dec-24,"Environmental Dynamics International, Inc.","$1,407,625",Yes
